timestamp;datetime;Head.state;Head.px;Head.py;Head.pz;Head.rx;Head.ry;Head.rz;Neck.state;Neck.px;Neck.py;Neck.pz;Neck.rx;Neck.ry;Neck.rz;SpineShoulder.state;SpineShoulder.px;SpineShoulder.py;SpineShoulder.pz;SpineShoulder.rx;SpineShoulder.ry;SpineShoulder.rz;SpineMid.state;SpineMid.px;SpineMid.py;SpineMid.pz;SpineMid.rx;SpineMid.ry;SpineMid.rz;SpineBase.state;SpineBase.px;SpineBase.py;SpineBase.pz;SpineBase.rx;SpineBase.ry;SpineBase.rz;ShoulderRight.state;ShoulderRight.px;ShoulderRight.py;ShoulderRight.pz;ShoulderRight.rx;ShoulderRight.ry;ShoulderRight.rz;ShoulderLeft.state;ShoulderLeft.px;ShoulderLeft.py;ShoulderLeft.pz;ShoulderLeft.rx;ShoulderLeft.ry;ShoulderLeft.rz;HipRight.state;HipRight.px;HipRight.py;HipRight.pz;HipRight.rx;HipRight.ry;HipRight.rz;HipLeft.state;HipLeft.px;HipLeft.py;HipLeft.pz;HipLeft.rx;HipLeft.ry;HipLeft.rz;ElbowRight.state;ElbowRight.px;ElbowRight.py;ElbowRight.pz;ElbowRight.rx;ElbowRight.ry;ElbowRight.rz;WristRight.state;WristRight.px;WristRight.py;WristRight.pz;WristRight.rx;WristRight.ry;WristRight.rz;HandRight.state;HandRight.px;HandRight.py;HandRight.pz;HandRight.rx;HandRight.ry;HandRight.rz;HandTipRight.state;HandTipRight.px;HandTipRight.py;HandTipRight.pz;HandTipRight.rx;HandTipRight.ry;HandTipRight.rz;ThumbRight.state;ThumbRight.px;ThumbRight.py;ThumbRight.pz;ThumbRight.rx;ThumbRight.ry;ThumbRight.rz;ElbowLeft.state;ElbowLeft.px;ElbowLeft.py;ElbowLeft.pz;ElbowLeft.rx;ElbowLeft.ry;ElbowLeft.rz;WristLeft.state;WristLeft.px;WristLeft.py;WristLeft.pz;WristLeft.rx;WristLeft.ry;WristLeft.rz;HandLeft.state;HandLeft.px;HandLeft.py;HandLeft.pz;HandLeft.rx;HandLeft.ry;HandLeft.rz;HandTipLeft.state;HandTipLeft.px;HandTipLeft.py;HandTipLeft.pz;HandTipLeft.rx;HandTipLeft.ry;HandTipLeft.rz;ThumbLeft.state;ThumbLeft.px;ThumbLeft.py;ThumbLeft.pz;ThumbLeft.rx;ThumbLeft.ry;ThumbLeft.rz;KneeRight.state;KneeRight.px;KneeRight.py;KneeRight.pz;KneeRight.rx;KneeRight.ry;KneeRight.rz;AnkleRight.state;AnkleRight.px;AnkleRight.py;AnkleRight.pz;AnkleRight.rx;AnkleRight.ry;AnkleRight.rz;FootRight.state;FootRight.px;FootRight.py;FootRight.pz;FootRight.rx;FootRight.ry;FootRight.rz;KneeLeft.state;KneeLeft.px;KneeLeft.py;KneeLeft.pz;KneeLeft.rx;KneeLeft.ry;KneeLeft.rz;AnkleLeft.state;AnkleLeft.px;AnkleLeft.py;AnkleLeft.pz;AnkleLeft.rx;AnkleLeft.ry;AnkleLeft.rz;FootLeft.state;FootLeft.px;FootLeft.py;FootLeft.pz;FootLeft.rx;FootLeft.ry;FootLeft.rz
1665142111.415619;2022-10-07_12:28:31.415619;2.000000;-0.175921;0.550358;4.050028;0.000000;0.000000;0.000000;2.000000;-0.163820;0.431084;4.090466;-0.024776;0.990157;-0.137549;2.000000;-0.160781;0.368963;4.108099;-0.024744;0.992802;-0.116978;2.000000;-0.151562;0.180403;4.153253;-0.021665;0.994431;-0.103002;2.000000;-0.140069;-0.073925;4.206473;-0.020402;0.994291;-0.103259;2.000000;-0.018763;0.362681;4.112744;0.718926;0.685215;-0.072314;2.000000;-0.307008;0.333700;4.113809;0.781609;-0.612745;0.078862;2.000000;-0.072164;-0.070133;4.171175;0.649396;0.717596;-0.231388;2.000000;-0.206043;-0.076529;4.176716;-0.688193;0.688710;-0.210652;2.000000;0.054927;0.140401;4.186841;0.807000;0.214011;0.548853;1.000000;0.064427;-0.062253;4.122147;0.511772;-0.119829;0.844946;1.000000;0.063964;-0.101240;4.123577;0.512145;0.012695;0.858683;2.000000;0.069512;-0.142537;4.132794;0.000000;0.000000;0.000000;2.000000;0.083626;-0.096166;4.110500;0.000000;0.000000;0.000000;2.000000;-0.356021;0.100216;4.200744;0.867175;-0.168505;-0.455817;2.000000;-0.337092;-0.097387;4.185205;0.438867;-0.014174;0.896437;2.000000;-0.338510;-0.120823;4.181133;0.446706;-0.090073;0.890057;2.000000;-0.336156;-0.169005;4.192544;0.000000;0.000000;0.000000;2.000000;-0.303924;-0.102143;4.173400;0.000000;0.000000;0.000000;2.000000;-0.064811;-0.393888;4.131902;0.720398;-0.033594;0.690841;2.000000;-0.030684;-0.689324;4.148117;0.870842;0.063416;0.487437;2.000000;-0.060019;-0.771514;4.089850;0.000000;0.000000;0.000000;2.000000;-0.157080;-0.391805;4.225700;-0.687016;0.002447;0.718585;2.000000;-0.123040;-0.704091;4.292030;-0.701445;0.035931;0.703070;2.000000;-0.117626;-0.767264;4.195922;0.000000;0.000000;0.00000
1665142111.839962;2022-10-07_12:28:31.839962;2.000000;-0.145093;0.516362;3.902947;0.000000;0.000000;0.000000;2.000000;-0.140282;0.391535;3.945837;-0.018574;0.989595;-0.141912;2.000000;-0.138190;0.329918;3.963918;-0.019663;0.992672;-0.118379;2.000000;-0.131308;0.142549;4.009368;-0.022449;0.994368;-0.100410;2.000000;-0.121077;-0.110702;4.061328;-0.023628;0.994001;-0.100139;2.000000;0.004394;0.322663;3.974591;0.722392;0.680560;-0.059062;2.000000;-0.287671;0.304965;3.969192;0.758918;-0.640023;0.079507;2.000000;-0.053999;-0.104254;4.032415;0.644033;0.733748;-0.203109;2.000000;-0.186113;-0.115364;4.024045;0.687586;-0.673386;0.241366;2.000000;0.076271;0.084176;4.062376;0.709383;0.218398;0.669541;2.000000;0.124890;-0.108093;4.045012;-0.488762;-0.098990;0.862559;2.000000;0.132301;-0.135184;4.025281;-0.425190;-0.322754;0.844892;2.000000;0.133776;-0.184598;4.031073;0.000000;0.000000;0.000000;2.000000;0.111203;-0.128889;4.011000;0.000000;0.000000;0.000000;2.000000;-0.334226;0.065150;4.067019;0.854207;-0.171527;-0.475385;2.000000;-0.313168;-0.164683;4.052532;0.641355;0.005247;0.765245;1.000000;-0.315075;-0.195838;4.064040;0.633937;0.115666;0.752582;2.000000;-0.315204;-0.219635;4.070039;0.000000;0.000000;0.000000;2.000000;-0.288279;-0.182318;4.042500;0.000000;0.000000;0.000000;2.000000;-0.011687;-0.395320;3.875877;0.661025;-0.132481;0.706990;2.000000;0.016330;-0.674978;3.776613;0.700518;-0.084867;0.691655;2.000000;0.022404;-0.731926;3.667919;0.000000;0.000000;0.000000;2.000000;-0.153772;-0.391178;4.160305;0.708644;-0.115937;-0.666068;2.000000;-0.113680;-0.699740;4.289402;-0.603240;0.116695;0.770766;2.000000;-0.128019;-0.761334;4.226774;0.000000;0.000000;0.00000
1665142111.944558;2022-10-07_12:28:31.944558;2.000000;-0.113149;0.488035;3.812066;0.000000;0.000000;0.000000;2.000000;-0.110399;0.374115;3.861840;-0.018561;0.988579;-0.144980;2.000000;-0.108721;0.312459;3.880390;-0.018520;0.991641;-0.122388;2.000000;-0.103344;0.125075;3.927572;-0.017046;0.994159;-0.104584;2.000000;-0.095675;-0.128146;3.981619;-0.015402;0.994358;-0.104839;2.000000;0.029518;0.313033;3.895797;0.704100;0.697470;-0.046682;2.000000;-0.264451;0.287435;3.879410;0.754812;-0.643723;0.097885;2.000000;-0.028227;-0.123550;3.948655;0.648302;0.722699;-0.221703;2.000000;-0.161482;-0.130638;3.948401;-0.682175;0.687641;-0.227009;2.000000;0.100236;0.075452;3.986347;0.680081;0.221991;0.698296;2.000000;0.154756;-0.115180;3.968399;0.895184;0.144630;-0.421207;2.000000;0.159757;-0.153225;3.966276;0.900596;0.070797;-0.428841;2.000000;0.168972;-0.197215;3.953066;0.000000;0.000000;0.000000;2.000000;0.146413;-0.151378;3.938231;0.000000;0.000000;0.000000;2.000000;-0.316329;0.044616;3.968357;0.848584;-0.172964;-0.490129;2.000000;-0.311243;-0.162126;3.958780;0.309549;-0.018195;0.950522;2.000000;-0.318353;-0.190283;3.964561;0.304062;0.056611;0.939682;2.000000;-0.314747;-0.237333;3.994034;0.000000;0.000000;0.000000;2.000000;-0.302119;-0.208877;3.971000;0.000000;0.000000;0.000000;2.000000;0.004057;-0.408471;3.805470;0.681851;-0.127419;0.692507;2.000000;0.022956;-0.714822;3.725352;0.654330;-0.075863;0.744798;2.000000;0.038613;-0.773254;3.619735;0.000000;0.000000;0.000000;2.000000;-0.140158;-0.393641;4.095670;-0.684731;0.152101;0.682875;2.000000;-0.102434;-0.700158;4.283508;-0.551291;0.190297;0.787444;2.000000;-0.127249;-0.760262;4.225220;0.000000;0.000000;0.00000
1665142112.010362;2022-10-07_12:28:32.010362;2.000000;-0.090864;0.494824;3.748967;0.000000;0.000000;0.000000;2.000000;-0.087401;0.369173;3.792037;-0.012083;0.986175;-0.156976;2.000000;-0.086905;0.307196;3.812308;-0.012087;0.989536;-0.134197;2.000000;-0.084939;0.119034;3.864408;-0.009419;0.992857;-0.116210;2.000000;-0.081592;-0.134986;3.924788;-0.006371;0.993180;-0.116417;2.000000;0.057449;0.304489;3.833267;0.712279;0.685717;-0.044024;2.000000;-0.242498;0.276901;3.808136;0.762813;-0.631010;0.116799;2.000000;-0.014553;-0.127736;3.889763;0.631726;0.733698;-0.230689;2.000000;-0.147217;-0.139405;3.892522;0.688834;-0.679929;0.235947;2.000000;0.123320;0.070133;3.933399;0.688041;0.229303;0.686848;2.000000;0.172832;-0.121659;3.933562;-0.265480;-0.033315;0.955849;2.000000;0.184569;-0.161572;3.919763;-0.238417;-0.189601;0.947869;2.000000;0.194937;-0.208693;3.932394;0.000000;0.000000;0.000000;2.000000;0.169132;-0.157914;3.914333;0.000000;0.000000;0.000000;2.000000;-0.304101;0.050605;3.913690;0.838735;-0.213030;-0.486275;2.000000;-0.298503;-0.175702;3.902139;0.383134;-0.018808;0.923258;1.000000;-0.310359;-0.201523;3.893363;0.413568;-0.226246;0.873563;2.000000;-0.302329;-0.231989;3.904035;0.000000;0.000000;0.000000;2.000000;-0.295691;-0.220362;3.886667;0.000000;0.000000;0.000000;2.000000;0.019325;-0.408666;3.757310;0.683380;-0.116052;0.694679;2.000000;0.028338;-0.716159;3.714386;0.668180;-0.041690;0.740625;2.000000;0.039602;-0.782555;3.615670;0.000000;0.000000;0.000000;2.000000;-0.129798;-0.395810;4.019302;-0.684371;0.139648;0.692107;2.000000;-0.103821;-0.697465;4.254210;-0.539396;0.245809;0.776298;2.000000;-0.127611;-0.761339;4.211041;0.000000;0.000000;0.00000
1665142112.077528;2022-10-07_12:28:32.077528;2.000000;-0.068872;0.505354;3.690300;0.000000;0.000000;0.000000;2.000000;-0.065581;0.376265;3.724566;-0.004739;0.988348;-0.150723;2.000000;-0.065378;0.314286;3.743925;-0.005927;0.991466;-0.128617;2.000000;-0.064112;0.125636;3.793735;-0.010960;0.993702;-0.107129;2.000000;-0.060155;-0.129625;3.849550;-0.012159;0.993292;-0.107000;2.000000;0.076811;0.305547;3.757746;0.725962;0.674316;-0.059232;2.000000;-0.223023;0.287594;3.749980;0.758844;-0.637946;0.086981;2.000000;0.007426;-0.123639;3.821153;0.646918;0.731992;-0.202012;2.000000;-0.126764;-0.132756;3.811240;-0.677424;0.682445;-0.247900;2.000000;0.143306;0.070850;3.856946;0.669448;0.229869;0.705312;2.000000;0.196899;-0.118810;3.868628;-0.570121;-0.054502;0.809493;2.000000;0.208439;-0.156758;3.855125;-0.542336;-0.215642;0.811613;2.000000;0.218437;-0.209058;3.873056;0.000000;0.000000;0.000000;2.000000;0.192682;-0.162481;3.833417;0.000000;0.000000;0.000000;2.000000;-0.281315;0.057904;3.846930;0.825890;-0.202145;-0.516193;2.000000;-0.279368;-0.140305;3.825809;0.285779;-0.049434;0.956813;2.000000;-0.290011;-0.170081;3.819606;0.310338;-0.146358;0.930437;2.000000;-0.285599;-0.206300;3.822792;0.000000;0.000000;0.000000;2.000000;-0.272435;-0.180124;3.820500;0.000000;0.000000;0.000000;2.000000;0.037040;-0.418298;3.714102;0.666720;-0.094659;0.723428;2.000000;0.034184;-0.720648;3.703872;0.674928;-0.015662;0.737675;2.000000;0.041255;-0.787777;3.614847;0.000000;0.000000;0.000000;2.000000;-0.129968;-0.390028;3.888434;0.712478;-0.105105;-0.686475;2.000000;-0.105364;-0.665329;4.163091;-0.420529;0.324147;0.822445;2.000000;-0.132731;-0.744058;4.176640;0.000000;0.000000;0.00000
1665142112.143665;2022-10-07_12:28:32.143665;2.000000;-0.054902;0.509264;3.628718;0.000000;0.000000;0.000000;2.000000;-0.047927;0.380669;3.674789;-0.007068;0.988714;-0.144192;2.000000;-0.047772;0.319648;3.692981;-0.006520;0.991790;-0.121246;2.000000;-0.047160;0.134110;3.739059;-0.005358;0.994284;-0.102355;2.000000;-0.046000;-0.116454;3.791236;-0.004311;0.994538;-0.102405;2.000000;0.093466;0.314354;3.704348;0.717840;0.684806;-0.058074;2.000000;-0.198318;0.300475;3.683128;0.741504;-0.658454;0.114914;2.000000;0.022010;-0.112228;3.759987;0.653952;0.721555;-0.210153;2.000000;-0.113188;-0.118717;3.755787;-0.678205;0.688387;-0.234370;2.000000;0.167739;0.077153;3.793538;0.688450;0.224652;0.689313;2.000000;0.223587;-0.112949;3.792915;-0.613427;-0.089487;0.776809;2.000000;0.227557;-0.149985;3.779699;-0.605559;-0.165330;0.775777;2.000000;0.239539;-0.199332;3.788802;0.000000;0.000000;0.000000;2.000000;0.207829;-0.144814;3.760333;0.000000;0.000000;0.000000;2.000000;-0.264122;0.068559;3.787862;0.827052;-0.217350;-0.507109;2.000000;-0.263864;-0.129814;3.769179;0.550552;-0.038805;0.833480;2.000000;-0.263575;-0.163649;3.763726;0.549087;-0.064276;0.831935;2.000000;-0.251352;-0.214221;3.778047;0.000000;0.000000;0.000000;2.000000;-0.243556;-0.184850;3.757125;0.000000;0.000000;0.000000;2.000000;0.037110;-0.413887;3.703299;0.689637;-0.049716;0.717779;2.000000;0.037734;-0.717615;3.699486;0.685578;-0.003865;0.727971;2.000000;0.042889;-0.790422;3.615216;0.000000;0.000000;0.000000;2.000000;-0.114955;-0.408208;3.753634;-0.705104;-0.000485;0.709087;2.000000;-0.114930;-0.671502;4.040192;-0.560515;0.317945;0.723958;2.000000;-0.129516;-0.755797;4.048564;0.000000;0.000000;0.00000
1665142112.209043;2022-10-07_12:28:32.209043;2.000000;-0.038580;0.507718;3.574489;0.000000;0.000000;0.000000;2.000000;-0.035960;0.383064;3.625658;-0.015112;0.989218;-0.139817;2.000000;-0.034799;0.322678;3.643127;-0.015254;0.992385;-0.115272;2.000000;-0.030850;0.138896;3.686577;-0.013007;0.995336;-0.095475;2.000000;-0.024512;-0.109883;3.734785;-0.009592;0.994868;-0.095878;2.000000;0.110173;0.316631;3.654612;0.719626;0.684078;-0.053968;2.000000;-0.183617;0.302637;3.632270;0.744160;-0.656364;0.113067;2.000000;0.044209;-0.109271;3.697111;0.663758;0.700753;-0.235638;2.000000;-0.092681;-0.108798;3.705344;-0.673117;0.707112;-0.199024;2.000000;0.182508;0.088543;3.727249;0.694620;0.209621;0.688157;2.000000;0.242130;-0.112205;3.718039;-0.357667;-0.072668;0.922453;2.000000;0.247767;-0.153800;3.703255;-0.327611;-0.180687;0.927364;2.000000;0.245654;-0.203574;3.724799;0.000000;0.000000;0.000000;2.000000;0.234776;-0.190293;3.713250;0.000000;0.000000;0.000000;2.000000;-0.247239;0.072848;3.723434;0.862873;-0.198386;-0.453371;2.000000;-0.244451;-0.125616;3.718469;0.407112;-0.008562;0.913266;2.000000;-0.235771;-0.157479;3.695777;0.368814;-0.230802;0.872682;2.000000;-0.221740;-0.210608;3.714051;0.000000;0.000000;0.000000;2.000000;-0.215013;-0.177081;3.695222;0.000000;0.000000;0.000000;2.000000;0.045105;-0.419334;3.691018;0.729168;-0.005670;0.684263;2.000000;0.041170;-0.717484;3.697613;0.688176;0.003481;0.725429;2.000000;0.044657;-0.793560;3.614353;0.000000;0.000000;0.000000;2.000000;-0.099997;-0.397764;3.614960;-0.683305;-0.100633;0.714253;2.000000;-0.090806;-0.681464;3.882295;-0.586399;0.278161;0.721060;2.000000;-0.103943;-0.771484;3.867188;0.000000;0.000000;0.00000
1665142112.274261;2022-10-07_12:28:32.274261;2.000000;-0.030111;0.514062;3.522808;0.000000;0.000000;0.000000;2.000000;-0.029398;0.385561;3.569655;-0.024146;0.988086;-0.146486;2.000000;-0.027147;0.325498;3.587967;-0.023840;0.991413;-0.122134;2.000000;-0.020082;0.142736;3.634002;-0.020674;0.994386;-0.103777;2.000000;-0.009664;-0.104477;3.686189;-0.016482;0.993564;-0.104525;2.000000;0.121894;0.323885;3.603785;0.709237;0.692650;-0.048619;2.000000;-0.170018;0.307834;3.581843;0.741400;-0.658935;0.107801;2.000000;0.059187;-0.104236;3.647732;0.661776;0.699863;-0.246016;2.000000;-0.078367;-0.102789;3.658270;-0.671280;0.711289;-0.194960;2.000000;0.193225;0.087787;3.658741;0.667470;0.178612;0.722260;2.000000;0.253598;-0.099542;3.622598;-0.433334;-0.149930;0.883340;2.000000;0.259100;-0.140992;3.613688;-0.433418;-0.122778;0.892703;2.000000;0.271128;-0.188395;3.612709;0.000000;0.000000;0.000000;2.000000;0.242042;-0.160855;3.605572;0.000000;0.000000;0.000000;2.000000;-0.228697;0.089533;3.657174;0.878712;-0.184082;-0.431229;2.000000;-0.224726;-0.109007;3.651600;0.551405;-0.006193;0.834060;2.000000;-0.219349;-0.151402;3.640726;0.547355;-0.069724;0.825294;2.000000;-0.201216;-0.203578;3.648389;0.000000;0.000000;0.000000;2.000000;-0.200927;-0.144647;3.627750;0.000000;0.000000;0.000000;2.000000;0.052088;-0.425558;3.676781;0.734175;0.022461;0.677374;2.000000;0.030107;-0.724539;3.699594;0.644517;0.005392;0.762767;2.000000;0.039922;-0.797359;3.616920;0.000000;0.000000;0.000000;2.000000;-0.065553;-0.397396;3.521206;0.706526;0.163583;-0.673652;1.000000;-0.070536;-0.723415;3.738345;0.773031;-0.176107;-0.564390;2.000000;-0.035029;-0.787697;3.645866;0.000000;0.000000;0.00000
1665142112.342238;2022-10-07_12:28:32.342238;2.000000;-0.017481;0.512219;3.465390;0.000000;0.000000;0.000000;2.000000;-0.011404;0.386004;3.515025;-0.010641;0.988513;-0.146877;2.000000;-0.010701;0.325154;3.533542;-0.009788;0.991701;-0.123597;2.000000;-0.008598;0.140006;3.580497;-0.006473;0.994308;-0.105848;2.000000;-0.005856;-0.110476;3.634468;-0.003951;0.994271;-0.105972;2.000000;0.135878;0.318977;3.548923;0.719915;0.681443;-0.051575;2.000000;-0.161135;0.299044;3.532529;0.758713;-0.638920;0.099288;2.000000;0.061908;-0.108288;3.599277;0.657669;0.709962;-0.230541;2.000000;-0.073503;-0.110761;3.603391;-0.674681;0.700626;-0.216141;2.000000;0.207598;0.083171;3.583971;0.724489;0.155619;0.669861;2.000000;0.256184;-0.104285;3.529774;-0.085086;-0.147226;0.979213;2.000000;0.259727;-0.138950;3.505970;-0.041740;-0.297175;0.953406;2.000000;0.272273;-0.182549;3.500706;0.000000;0.000000;0.000000;2.000000;0.256625;-0.165140;3.504667;0.000000;0.000000;0.000000;2.000000;-0.212728;0.074502;3.618494;0.824139;-0.186616;-0.526640;2.000000;-0.213276;-0.123936;3.599468;0.840378;-0.026980;0.539889;2.000000;-0.203951;-0.142371;3.585075;0.774209;-0.004895;0.516423;2.000000;-0.196799;-0.197261;3.576914;0.000000;0.000000;0.000000;2.000000;-0.184989;-0.130133;3.561385;0.000000;0.000000;0.000000;2.000000;0.070566;-0.406478;3.645722;0.714949;0.064087;0.694758;2.000000;0.036002;-0.715603;3.667357;0.671298;-0.011644;0.738285;2.000000;0.042244;-0.755297;3.562768;0.000000;0.000000;0.000000;2.000000;-0.045833;-0.360487;3.400147;0.661767;0.269534;-0.669655;2.000000;-0.015888;-0.717794;3.562861;-0.670143;0.127180;0.710373;2.000000;-0.018194;-0.792588;3.473959;0.000000;0.000000;0.00000
1665142112.409526;2022-10-07_12:28:32.409526;2.000000;-0.008250;0.505641;3.408980;0.000000;0.000000;0.000000;2.000000;-0.001028;0.379426;3.458609;-0.021070;0.989019;-0.140147;2.000000;0.000896;0.317725;3.476543;-0.020179;0.991983;-0.117568;2.000000;0.006739;0.129916;3.521958;-0.016879;0.994612;-0.101083;2.000000;0.014636;-0.124263;3.574301;-0.014254;0.994683;-0.101487;2.000000;0.148302;0.306407;3.489198;0.731616;0.671056;-0.053610;2.000000;-0.148174;0.287605;3.466692;0.765236;-0.631200;0.115017;2.000000;0.081551;-0.122669;3.539485;0.660111;0.707328;-0.231705;2.000000;-0.052672;-0.122863;3.541898;-0.666984;0.706886;-0.213921;2.000000;0.214529;0.078326;3.516971;0.700950;0.140785;0.696840;2.000000;0.266116;-0.106143;3.454280;0.824915;0.024742;0.526453;2.000000;0.256496;-0.143116;3.406409;0.773760;-0.295447;0.450703;2.000000;0.264904;-0.178105;3.386039;0.000000;0.000000;0.000000;2.000000;0.272979;-0.133565;3.379429;0.000000;0.000000;0.000000;2.000000;-0.208551;0.066224;3.557731;0.893678;-0.190463;-0.386940;2.000000;-0.200008;-0.130865;3.570078;0.998697;0.022677;0.034046;1.000000;-0.195759;-0.141501;3.531054;0.793590;0.041980;0.031217;2.000000;-0.184367;-0.204075;3.525770;0.000000;0.000000;0.000000;2.000000;-0.190699;-0.129282;3.495556;0.000000;0.000000;0.000000;2.000000;0.097171;-0.380382;3.614095;0.707853;0.119025;0.691672;1.000000;0.083794;-0.682668;3.660598;0.663449;0.042280;0.744009;1.000000;0.090576;-0.756836;3.585938;0.000000;0.000000;0.000000;2.000000;-0.019786;-0.393255;3.308292;0.677990;0.275200;-0.645825;2.000000;-0.004016;-0.685383;3.333740;0.721695;-0.010559;-0.690327;2.000000;0.003999;-0.756981;3.241214;0.000000;0.000000;0.00000
1665142112.475691;2022-10-07_12:28:32.475691;2.000000;-0.000555;0.493539;3.354830;0.000000;0.000000;0.000000;2.000000;0.004583;0.367812;3.405120;-0.020983;0.989353;-0.142134;2.000000;0.006785;0.307367;3.422913;-0.020847;0.992522;-0.118089;2.000000;0.013603;0.123382;3.467498;-0.019328;0.994864;-0.099332;2.000000;0.023265;-0.125354;3.517708;-0.017306;0.994701;-0.099705;2.000000;0.155776;0.297348;3.425578;0.726258;0.677649;-0.078067;2.000000;-0.142209;0.278963;3.414406;0.762500;-0.635218;0.109918;2.000000;0.091281;-0.119318;3.481172;0.639030;0.726106;-0.229496;2.000000;-0.045359;-0.128957;3.487685;0.693790;-0.684699;0.206580;2.000000;0.216566;0.071433;3.451365;0.741235;0.134362;0.656117;2.000000;0.249472;-0.107985;3.362436;0.938716;0.023404;0.246725;2.000000;0.247293;-0.140004;3.325201;0.891107;-0.105475;0.177791;2.000000;0.247214;-0.186406;3.314207;0.000000;0.000000;0.000000;2.000000;0.260663;-0.127463;3.293250;0.000000;0.000000;0.000000;2.000000;-0.194228;0.063627;3.484782;0.876673;-0.171187;-0.441195;2.000000;-0.186449;-0.134918;3.474514;0.907221;0.006920;0.419406;1.000000;-0.174605;-0.164442;3.456998;0.859662;0.045768;0.409243;2.000000;-0.172236;-0.218673;3.466387;0.000000;0.000000;0.000000;2.000000;-0.157903;-0.154071;3.428500;0.000000;0.000000;0.000000;2.000000;0.113210;-0.364418;3.554083;0.713494;0.130636;0.684411;1.000000;0.091647;-0.667079;3.606950;0.727383;0.033176;0.679888;2.000000;0.082547;-0.683162;3.478684;0.000000;0.000000;0.000000;2.000000;0.005456;-0.435850;3.259289;0.667663;0.270570;-0.672193;2.000000;0.041526;-0.722114;3.187497;-0.694578;-0.129825;0.706372;2.000000;0.046099;-0.759658;3.067419;0.000000;0.000000;0.00000
1665142112.549427;2022-10-07_12:28:32.549427;2.000000;0.008206;0.480304;3.291074;0.000000;0.000000;0.000000;2.000000;0.014716;0.350217;3.335870;-0.028826;0.990903;-0.129890;2.000000;0.017983;0.289453;3.352160;-0.028475;0.993809;-0.105578;2.000000;0.027922;0.104508;3.392133;-0.026998;0.995922;-0.086057;2.000000;0.041516;-0.145791;3.435775;-0.025523;0.995811;-0.086506;2.000000;0.161713;0.277202;3.360982;0.734429;0.670249;-0.054765;2.000000;-0.134314;0.264738;3.349918;0.756760;-0.644871;0.086014;2.000000;0.110462;-0.138825;3.399771;0.638269;0.729624;-0.219106;2.000000;-0.028309;-0.149972;3.405319;0.699200;-0.680958;0.196256;2.000000;0.222582;0.042873;3.385152;0.743488;0.127883;0.654807;2.000000;0.252438;-0.134499;3.290601;0.877800;-0.032332;0.407315;2.000000;0.243909;-0.164113;3.242410;0.814956;-0.250883;0.307734;2.000000;0.243458;-0.200447;3.224785;0.000000;0.000000;0.000000;2.000000;0.258824;-0.152401;3.210250;0.000000;0.000000;0.000000;2.000000;-0.186760;0.048188;3.433291;0.873395;-0.181248;-0.438535;2.000000;-0.171759;-0.149976;3.423748;0.942867;0.027682;0.330154;1.000000;-0.163435;-0.189240;3.405233;0.919218;0.021807;0.314944;2.000000;-0.151009;-0.243380;3.414717;0.000000;0.000000;0.000000;2.000000;-0.142198;-0.182692;3.367300;0.000000;0.000000;0.000000;1.000000;0.121213;-0.372095;3.519360;0.693521;0.179330;0.680876;1.000000;0.099775;-0.678185;3.574678;0.721181;0.036406;0.686122;2.000000;0.093209;-0.691216;3.445639;0.000000;0.000000;0.000000;2.000000;0.016117;-0.440790;3.227185;0.673055;0.239464;-0.685418;2.000000;0.058335;-0.709389;3.078293;-0.669068;-0.228140;0.696835;2.000000;0.065661;-0.756343;2.963954;0.000000;0.000000;0.00000
1665142112.636491;2022-10-07_12:28:32.636491;2.000000;0.016082;0.451176;3.176291;0.000000;0.000000;0.000000;2.000000;0.021232;0.325269;3.226174;-0.048597;0.990741;-0.124974;2.000000;0.027021;0.263932;3.242061;-0.048232;0.993459;-0.101512;2.000000;0.044608;0.077038;3.281108;-0.047520;0.995305;-0.083589;2.000000;0.068561;-0.176444;3.324351;-0.046823;0.995363;-0.083981;2.000000;0.166244;0.249161;3.240934;0.739731;0.665922;-0.074490;2.000000;-0.122192;0.238906;3.227245;0.755214;-0.645639;0.109373;2.000000;0.136559;-0.169484;3.291006;0.638767;0.732397;-0.214997;2.000000;-0.000962;-0.179892;3.290907;0.694759;-0.681258;0.199095;2.000000;0.232853;0.020676;3.272006;0.785849;0.151433;0.598682;2.000000;0.256622;-0.165398;3.196337;0.938151;0.002367;0.282544;2.000000;0.249720;-0.196406;3.160558;0.884385;-0.170289;0.204702;2.000000;0.250806;-0.247496;3.152018;0.000000;0.000000;0.000000;2.000000;0.257425;-0.183177;3.127300;0.000000;0.000000;0.000000;2.000000;-0.185172;0.019869;3.329742;0.877367;-0.207550;-0.410461;2.000000;-0.164403;-0.177619;3.325854;0.905385;0.043337;0.421238;1.000000;-0.157371;-0.206479;3.307739;0.876613;-0.012012;0.382493;2.000000;-0.146138;-0.264254;3.314757;0.000000;0.000000;0.000000;2.000000;-0.139704;-0.198528;3.276750;0.000000;0.000000;0.000000;1.000000;0.137180;-0.423832;3.454255;0.661989;0.204488;0.694661;1.000000;0.115654;-0.729852;3.509600;0.720466;0.036431;0.686857;2.000000;0.109261;-0.744375;3.381079;0.000000;0.000000;0.000000;2.000000;0.052499;-0.516888;3.123458;0.683082;0.212156;-0.690448;2.000000;0.086939;-0.795329;3.022498;0.698442;0.162907;-0.692162;2.000000;0.095404;-0.840937;2.908306;0.000000;0.000000;0.00000
1665142112.70545;2022-10-07_12:28:32.705450;2.000000;0.015021;0.450870;3.132665;0.000000;0.000000;0.000000;2.000000;0.026042;0.320817;3.176384;-0.043814;0.991921;-0.117915;2.000000;0.031311;0.259371;3.191319;-0.043271;0.994426;-0.094887;2.000000;0.047206;0.072283;3.227667;-0.041242;0.996066;-0.078229;2.000000;0.068579;-0.181077;3.267660;-0.039637;0.995744;-0.079055;2.000000;0.168377;0.243087;3.193967;0.745124;0.660678;-0.061378;2.000000;-0.122329;0.231052;3.183826;0.763339;-0.638473;0.088560;2.000000;0.137653;-0.171521;3.230183;0.625467;0.739153;-0.220082;2.000000;-0.001877;-0.186974;3.239109;0.711320;-0.672935;0.180805;2.000000;0.237357;0.011652;3.234488;0.797856;0.164860;0.579646;2.000000;0.255282;-0.175781;3.160764;0.917459;-0.023811;0.348910;2.000000;0.254781;-0.201472;3.135734;0.875886;-0.129717;0.301519;2.000000;0.259694;-0.249093;3.125871;0.000000;0.000000;0.000000;2.000000;0.267772;-0.209498;3.099100;0.000000;0.000000;0.000000;2.000000;-0.180118;0.014601;3.270479;0.871187;-0.193304;-0.437703;2.000000;-0.168826;-0.207039;3.263480;0.825501;0.012119;0.563607;1.000000;-0.148515;-0.244388;3.264862;0.768154;0.205525;0.590727;2.000000;-0.141960;-0.284318;3.278036;0.000000;0.000000;0.000000;2.000000;-0.129581;-0.238488;3.243693;0.000000;0.000000;0.000000;2.000000;0.142794;-0.392157;3.378582;0.680439;0.212188;0.672169;1.000000;0.121232;-0.698317;3.433925;0.722967;0.036048;0.684227;2.000000;0.113284;-0.722053;3.307902;0.000000;0.000000;0.000000;2.000000;0.053533;-0.531727;3.094550;-0.672776;-0.193524;0.709573;2.000000;0.093884;-0.813736;3.008482;-0.685070;-0.153163;0.710272;2.000000;0.097641;-0.850051;2.898800;0.000000;0.000000;0.00000
1665142112.772584;2022-10-07_12:28:32.772584;2.000000;0.017658;0.459066;3.023920;0.000000;0.000000;0.000000;2.000000;0.027446;0.326926;3.066399;-0.030955;0.991412;-0.126507;2.000000;0.031198;0.264834;3.082568;-0.030612;0.994103;-0.103422;2.000000;0.042537;0.075637;3.122532;-0.028650;0.995819;-0.086110;2.000000;0.057882;-0.180799;3.167092;-0.026829;0.995379;-0.086695;2.000000;0.174521;0.247891;3.080558;0.743232;0.661482;-0.079349;2.000000;-0.112510;0.237605;3.074116;0.763788;-0.636526;0.097746;2.000000;0.126431;-0.178284;3.129849;0.656087;0.709354;-0.231180;2.000000;-0.011894;-0.179471;3.138199;-0.676315;0.707538;-0.183870;2.000000;0.240762;0.014330;3.141300;0.802753;0.181174;0.567654;2.000000;0.259544;-0.180651;3.097261;0.965551;0.020136;0.230841;2.000000;0.263830;-0.204566;3.072251;0.897189;-0.017494;0.194883;2.000000;0.265562;-0.270758;3.090669;0.000000;0.000000;0.000000;2.000000;0.285628;-0.224442;3.034667;0.000000;0.000000;0.000000;2.000000;-0.163876;0.019420;3.140940;0.890811;-0.162673;-0.415770;2.000000;-0.150806;-0.209186;3.130666;0.656514;0.001835;0.753440;2.000000;-0.151480;-0.241807;3.132070;0.658419;0.009377;0.752274;2.000000;-0.139121;-0.284394;3.147032;0.000000;0.000000;0.000000;2.000000;-0.125150;-0.243485;3.114143;0.000000;0.000000;0.000000;2.000000;0.081750;-0.498052;3.087327;0.732562;-0.095117;0.674020;1.000000;0.060353;-0.803889;3.142563;0.672664;0.042336;0.733758;2.000000;0.070531;-0.828025;3.017908;0.000000;0.000000;0.000000;2.000000;0.034205;-0.520317;3.029321;-0.676393;-0.155792;0.717551;2.000000;0.088706;-0.808226;2.987415;-0.689651;-0.115658;0.714639;2.000000;0.097670;-0.865405;2.896162;0.000000;0.000000;0.00000
1665142112.837214;2022-10-07_12:28:32.837214;2.000000;0.025234;0.459168;2.962019;0.000000;0.000000;0.000000;2.000000;0.032765;0.328900;3.007455;-0.034659;0.991647;-0.120390;2.000000;0.036670;0.267249;3.022788;-0.033822;0.994254;-0.097009;2.000000;0.048454;0.079440;3.060189;-0.031062;0.996338;-0.079639;2.000000;0.064366;-0.174935;3.101181;-0.028824;0.995994;-0.080476;2.000000;0.183699;0.258290;3.034228;0.727045;0.679118;-0.041564;2.000000;-0.110052;0.242183;3.017394;0.759227;-0.642883;0.087864;2.000000;0.131994;-0.169234;3.064079;0.642381;0.722717;-0.224707;2.000000;-0.004586;-0.176351;3.071848;-0.689229;0.693609;-0.185509;2.000000;0.243788;0.020287;3.096947;0.737925;0.173471;0.652047;2.000000;0.274249;-0.169092;3.034392;0.944075;0.028843;0.279373;2.000000;0.267594;-0.193824;3.017708;0.922207;-0.181149;0.232570;2.000000;0.271716;-0.248746;3.021404;0.000000;0.000000;0.000000;2.000000;0.284773;-0.195187;2.974000;0.000000;0.000000;0.000000;2.000000;-0.166144;0.023914;3.080922;0.876119;-0.171188;-0.445550;2.000000;-0.145030;-0.204687;3.039335;0.826404;-0.012108;0.554044;2.000000;-0.143426;-0.232061;3.032187;0.825131;-0.046762;0.549695;2.000000;-0.138494;-0.274091;3.045232;0.000000;0.000000;0.000000;2.000000;-0.113516;-0.225914;2.999000;0.000000;0.000000;0.000000;2.000000;0.124228;-0.480571;3.044362;0.727973;-0.030727;0.684763;1.000000;0.102658;-0.786491;3.099599;0.711981;0.037357;0.695662;2.000000;0.097664;-0.827779;2.982116;0.000000;0.000000;0.000000;2.000000;0.059836;-0.488079;3.022355;-0.683810;-0.125599;0.718501;2.000000;0.086551;-0.796253;2.987046;0.719592;0.070399;-0.690728;2.000000;0.096458;-0.867554;2.897402;0.000000;0.000000;0.00000
1665142112.906926;2022-10-07_12:28:32.906926;2.000000;0.032311;0.461015;2.909752;0.000000;0.000000;0.000000;2.000000;0.038961;0.333867;2.959385;-0.036670;0.992247;-0.108359;2.000000;0.042908;0.272122;2.973245;-0.035191;0.994563;-0.085416;2.000000;0.054742;0.083860;3.006435;-0.033026;0.996558;-0.068467;2.000000;0.070576;-0.171471;3.042250;-0.032027;0.996933;-0.068940;2.000000;0.189147;0.264610;2.985327;0.724326;0.683498;-0.030201;2.000000;-0.106295;0.247356;2.957401;0.755594;-0.646700;0.102490;2.000000;0.138028;-0.163119;3.011308;0.638175;0.738508;-0.191872;2.000000;0.001514;-0.176162;3.007384;0.699478;-0.673581;0.202466;2.000000;0.249433;0.024352;3.053224;0.722191;0.178816;0.667948;2.000000;0.283189;-0.163067;2.985813;0.962189;0.049627;0.195115;2.000000;0.270033;-0.208010;2.965128;0.954959;-0.166037;0.164322;2.000000;0.273109;-0.253647;2.988667;0.000000;0.000000;0.000000;2.000000;0.288816;-0.223404;2.927400;0.000000;0.000000;0.000000;2.000000;-0.164551;0.017562;3.019193;0.877945;-0.165668;-0.445209;2.000000;-0.129085;-0.206645;2.955450;0.769866;-0.026379;0.618687;2.000000;-0.121001;-0.231718;2.950373;0.753743;0.055609;0.631783;2.000000;-0.109194;-0.272524;2.956033;0.000000;0.000000;0.000000;2.000000;-0.085500;-0.221184;2.924692;0.000000;0.000000;0.000000;1.000000;0.142129;-0.457031;2.963832;0.711179;-0.051114;0.698412;1.000000;0.151285;-0.767390;3.201292;0.723609;0.216365;0.611050;2.000000;0.131563;-0.796805;3.079526;0.000000;0.000000;0.000000;2.000000;0.075438;-0.496693;2.992193;0.714644;0.097425;-0.689910;2.000000;0.087167;-0.792446;2.986678;0.730625;0.020840;-0.682428;2.000000;0.095749;-0.827569;2.881397;0.000000;0.000000;0.00000
1665142112.973221;2022-10-07_12:28:32.973221;2.000000;0.036889;0.461162;2.859855;0.000000;0.000000;0.000000;2.000000;0.037530;0.334815;2.910920;-0.043064;0.992290;-0.100079;2.000000;0.042199;0.272912;2.923836;-0.041759;0.994499;-0.076294;2.000000;0.056419;0.084056;2.953870;-0.041209;0.995800;-0.057458;2.000000;0.075942;-0.172321;2.984746;-0.041235;0.995774;-0.057440;2.000000;0.194445;0.263255;2.939494;0.728862;0.679223;-0.015700;2.000000;-0.104864;0.245242;2.904773;0.762134;-0.638959;0.104231;2.000000;0.142242;-0.160766;2.959033;0.626889;0.756719;-0.163776;2.000000;0.007937;-0.180173;2.944643;0.708473;-0.652876;0.218063;2.000000;0.250818;0.028021;3.004311;0.710328;0.173469;0.681980;2.000000;0.288153;-0.160958;2.944601;0.948369;0.130822;-0.262912;2.000000;0.278712;-0.206035;2.912662;0.895325;0.016554;-0.317066;2.000000;0.278560;-0.248388;2.920595;0.000000;0.000000;0.000000;2.000000;0.256536;-0.194077;2.887067;0.000000;0.000000;0.000000;2.000000;-0.163573;0.030747;2.947510;0.886939;-0.159994;-0.432359;2.000000;-0.135659;-0.159676;2.885999;0.548680;-0.089280;0.818646;2.000000;-0.123081;-0.192014;2.872360;0.535915;-0.060695;0.804041;2.000000;-0.118259;-0.249229;2.860322;0.000000;0.000000;0.000000;2.000000;-0.090467;-0.177204;2.869211;0.000000;0.000000;0.000000;2.000000;0.147127;-0.526447;2.928810;0.668299;-0.026183;0.742720;1.000000;0.173923;-0.818123;2.886469;0.684793;-0.020924;0.723767;2.000000;0.183221;-0.852124;2.781240;0.000000;0.000000;0.000000;2.000000;0.068985;-0.529024;2.975998;0.742235;0.034811;-0.663086;2.000000;0.098714;-0.820896;2.989360;0.718474;0.020656;-0.693330;2.000000;0.106541;-0.873864;2.919100;0.000000;0.000000;0.00000
1665142113.037502;2022-10-07_12:28:33.037502;2.000000;0.041914;0.462963;2.810423;0.000000;0.000000;0.000000;2.000000;0.042392;0.334107;2.858788;-0.044126;0.992768;-0.094350;2.000000;0.047275;0.271545;2.871105;-0.042460;0.994820;-0.071059;2.000000;0.062003;0.080648;2.899439;-0.040513;0.996836;-0.053450;2.000000;0.081940;-0.178613;2.928221;-0.039669;0.997382;-0.054079;2.000000;0.197783;0.262074;2.889405;0.728795;0.679058;-0.005521;2.000000;-0.099577;0.241912;2.854716;0.767619;-0.633740;0.095252;2.000000;0.149161;-0.168639;2.898293;0.632970;0.745447;-0.179414;2.000000;0.012967;-0.184718;2.892020;0.707099;-0.663902;0.197675;2.000000;0.254105;0.021449;2.950091;0.734753;0.164237;0.657976;2.000000;0.285693;-0.171031;2.900728;0.988874;0.076685;0.021198;2.000000;0.283335;-0.218200;2.870999;0.960360;-0.016799;-0.017981;2.000000;0.274526;-0.258086;2.873990;0.000000;0.000000;0.000000;2.000000;0.271109;-0.198344;2.839250;0.000000;0.000000;0.000000;2.000000;-0.160386;0.026872;2.885700;0.899738;-0.152899;-0.408713;2.000000;-0.125691;-0.159987;2.815656;0.377629;-0.129104;0.904801;2.000000;-0.126416;-0.190455;2.792226;0.394224;-0.296805;0.860739;2.000000;-0.113656;-0.246745;2.783335;0.000000;0.000000;0.000000;2.000000;-0.091586;-0.159060;2.827000;0.000000;0.000000;0.000000;2.000000;0.177271;-0.469087;2.764935;0.692230;-0.115115;0.690043;2.000000;0.203643;-0.782483;2.835698;0.751406;0.103429;0.649212;2.000000;0.196533;-0.854492;2.765625;0.000000;0.000000;0.000000;2.000000;0.055342;-0.526486;2.956126;0.721065;-0.019211;-0.684022;2.000000;0.099861;-0.815103;2.982046;-0.706148;-0.022734;0.702550;2.000000;0.108766;-0.873766;2.902977;0.000000;0.000000;0.00000
1665142113.104507;2022-10-07_12:28:33.104507;2.000000;0.047070;0.458398;2.763283;0.000000;0.000000;0.000000;2.000000;0.048192;0.327037;2.808639;-0.040724;0.993640;-0.093851;2.000000;0.052817;0.264243;2.820847;-0.039202;0.995635;-0.070848;2.000000;0.066697;0.072616;2.848947;-0.037720;0.997048;-0.053274;2.000000;0.085308;-0.187598;2.877628;-0.037430;0.997254;-0.053478;2.000000;0.203402;0.252298;2.834978;0.734244;0.674204;-0.015861;2.000000;-0.095579;0.237364;2.807220;0.762338;-0.641129;0.087127;2.000000;0.152288;-0.177448;2.848842;0.633068;0.747149;-0.174000;2.000000;0.016373;-0.193463;2.840408;0.704742;-0.664339;0.201663;2.000000;0.263679;0.010928;2.897190;0.772141;0.169962;0.611890;2.000000;0.274101;-0.172285;2.809891;0.768574;-0.114833;0.600064;2.000000;0.283110;-0.211148;2.827623;0.745799;0.215423;0.623602;2.000000;0.285316;-0.255290;2.833984;0.000000;0.000000;0.000000;2.000000;0.301983;-0.218039;2.810778;0.000000;0.000000;0.000000;2.000000;-0.156239;0.018476;2.837225;0.893525;-0.149343;-0.423443;2.000000;-0.122047;-0.166636;2.761636;0.336121;-0.149297;0.918310;2.000000;-0.126239;-0.195440;2.727026;0.356357;-0.408955;0.831554;2.000000;-0.109423;-0.249600;2.715332;0.000000;0.000000;0.000000;2.000000;-0.101286;-0.205594;2.725500;0.000000;0.000000;0.000000;2.000000;0.182330;-0.472403;2.678488;0.670593;-0.153991;0.693978;2.000000;0.213904;-0.780032;2.663668;0.734406;0.021328;0.676362;2.000000;0.211316;-0.835821;2.557475;0.000000;0.000000;0.000000;2.000000;0.053182;-0.524203;2.929754;0.724015;-0.049852;-0.675083;2.000000;0.097901;-0.809041;2.977518;-0.652144;0.011513;0.749678;2.000000;0.096904;-0.874998;2.913960;0.000000;0.000000;0.00000
1665142113.170552;2022-10-07_12:28:33.170552;2.000000;0.051472;0.450244;2.728021;0.000000;0.000000;0.000000;2.000000;0.052559;0.320022;2.774810;-0.034295;0.994136;-0.100175;2.000000;0.056642;0.257453;2.787655;-0.033492;0.996229;-0.077150;2.000000;0.068929;0.066513;2.817703;-0.032777;0.997553;-0.059498;2.000000;0.085526;-0.192742;2.849048;-0.032523;0.997615;-0.059638;2.000000;0.208080;0.248146;2.801089;0.727989;0.680097;-0.024173;2.000000;-0.093980;0.235470;2.788415;0.754218;-0.651874;0.057977;2.000000;0.152456;-0.183646;2.817098;0.634701;0.740069;-0.190501;2.000000;0.016607;-0.197468;2.814864;0.702128;-0.672662;0.194099;2.000000;0.265297;0.002060;2.865724;0.781113;0.164863;0.601396;2.000000;0.277416;-0.189779;2.803744;0.838324;-0.056305;0.521670;1.000000;0.287822;-0.209712;2.815123;0.764660;0.316846;0.557472;2.000000;0.275953;-0.277589;2.828979;0.000000;0.000000;0.000000;2.000000;0.301463;-0.220735;2.791358;0.000000;0.000000;0.000000;2.000000;-0.149506;0.013320;2.810788;0.902682;-0.131109;-0.409809;2.000000;-0.117847;-0.174608;2.742283;0.207570;-0.151542;0.959636;2.000000;-0.121038;-0.199644;2.704614;0.233484;-0.465240;0.849448;2.000000;-0.110650;-0.253571;2.691829;0.000000;0.000000;0.000000;2.000000;-0.097907;-0.195956;2.734750;0.000000;0.000000;0.000000;2.000000;0.179780;-0.503243;2.640262;0.682436;-0.149674;0.685972;2.000000;0.218970;-0.792179;2.585981;0.763181;-0.007891;0.636120;2.000000;0.206421;-0.832031;2.472656;0.000000;0.000000;0.000000;2.000000;0.053356;-0.525783;2.915998;0.706312;-0.065058;-0.690113;2.000000;0.096962;-0.808194;2.974900;-0.651417;0.027270;0.748081;2.000000;0.095868;-0.875528;2.913673;0.000000;0.000000;0.00000
1665142113.230557;2022-10-07_12:28:33.230557;2.000000;0.061714;0.431343;2.650901;0.000000;0.000000;0.000000;2.000000;0.069029;0.297398;2.692403;-0.013350;0.995058;-0.098057;2.000000;0.070632;0.234491;2.704938;-0.012744;0.997087;-0.074777;2.000000;0.075337;0.042497;2.733940;-0.011713;0.998334;-0.056359;2.000000;0.081591;-0.218281;2.763458;-0.011059;0.998223;-0.056491;2.000000;0.218752;0.227835;2.709539;0.721526;0.688241;-0.042840;2.000000;-0.082646;0.214627;2.706158;0.749243;-0.658018;0.053776;2.000000;0.148051;-0.209528;2.727915;0.634876;0.733537;-0.198129;2.000000;0.013195;-0.221859;2.733338;0.700575;-0.681099;0.181960;2.000000;0.281529;-0.014944;2.784001;0.804052;0.183272;0.563518;2.000000;0.297911;-0.212430;2.755598;0.996535;0.041970;-0.012823;1.000000;0.297295;-0.227829;2.744619;0.951601;-0.005229;-0.037034;2.000000;0.293952;-0.294821;2.752831;0.000000;0.000000;0.000000;2.000000;0.295268;-0.262818;2.712750;0.000000;0.000000;0.000000;2.000000;-0.140131;-0.003849;2.741655;0.909719;-0.147705;-0.387418;2.000000;-0.106783;-0.195363;2.687512;0.283206;-0.106171;0.945685;2.000000;-0.106671;-0.229587;2.652198;0.290681;-0.369588;0.873767;2.000000;-0.099047;-0.292564;2.634511;0.000000;0.000000;0.000000;2.000000;-0.075491;-0.206851;2.686429;0.000000;0.000000;0.000000;2.000000;0.178360;-0.531303;2.560519;0.692299;-0.135456;0.680256;2.000000;0.204426;-0.806309;2.434660;0.689463;-0.119277;0.691093;2.000000;0.208516;-0.823430;2.308789;0.000000;0.000000;0.000000;2.000000;0.049869;-0.532220;2.872802;-0.675096;0.112827;0.705471;2.000000;0.100207;-0.815057;2.964808;-0.619581;0.067029;0.764806;2.000000;0.094906;-0.879922;2.912743;0.000000;0.000000;0.00000
1665142113.299888;2022-10-07_12:28:33.299888;2.000000;0.064717;0.421186;2.618460;0.000000;0.000000;0.000000;2.000000;0.072717;0.289665;2.663033;-0.007711;0.995183;-0.097708;2.000000;0.073683;0.226390;2.675582;-0.007079;0.997175;-0.074761;2.000000;0.076388;0.033291;2.704706;-0.005532;0.998197;-0.057216;2.000000;0.079826;-0.228872;2.734801;-0.004444;0.997688;-0.057311;2.000000;0.226871;0.214736;2.667769;0.729909;0.679054;-0.071497;2.000000;-0.078006;0.203811;2.668005;0.753876;-0.652379;0.072069;2.000000;0.145003;-0.220905;2.696298;0.634874;0.726482;-0.211196;2.000000;0.012609;-0.231443;2.707132;0.697915;-0.687212;0.174912;2.000000;0.285340;-0.022075;2.749517;0.803152;0.187941;0.561436;2.000000;0.303578;-0.220172;2.739100;0.260782;-0.013303;0.963953;1.000000;0.301376;-0.210954;2.721790;-0.514781;0.170816;-0.038277;2.000000;0.311964;-0.294301;2.713944;0.000000;0.000000;0.000000;2.000000;0.284894;-0.223332;2.689778;0.000000;0.000000;0.000000;2.000000;-0.135093;-0.015535;2.708261;0.925461;-0.148535;-0.346332;2.000000;-0.102920;-0.210530;2.672573;0.303246;-0.060581;0.945262;2.000000;-0.101345;-0.242872;2.640891;0.297920;-0.351597;0.876473;2.000000;-0.089851;-0.310409;2.622602;0.000000;0.000000;0.000000;2.000000;-0.072267;-0.228536;2.664500;0.000000;0.000000;0.000000;2.000000;0.176540;-0.536787;2.533814;0.702232;-0.129101;0.670638;2.000000;0.199367;-0.805331;2.397600;0.682186;-0.137992;0.692288;2.000000;0.204935;-0.835483;2.286141;0.000000;0.000000;0.000000;2.000000;0.052396;-0.533641;2.849923;-0.656853;0.119884;0.719340;2.000000;0.101667;-0.819108;2.958726;-0.615045;0.088703;0.763527;2.000000;0.094741;-0.880856;2.907329;0.000000;0.000000;0.00000
1665142113.363435;2022-10-07_12:28:33.363435;2.000000;0.074644;0.409485;2.552946;0.000000;0.000000;0.000000;2.000000;0.085050;0.276199;2.594958;0.005730;0.995366;-0.092971;2.000000;0.084600;0.212668;2.606941;0.005888;0.997229;-0.070245;2.000000;0.082954;0.018825;2.634426;0.006000;0.998356;-0.053209;2.000000;0.080360;-0.244277;2.662605;0.005829;0.998416;-0.053228;2.000000;0.233091;0.195777;2.585147;0.738699;0.666363;-0.101213;2.000000;-0.066154;0.189050;2.600609;0.757215;-0.649595;0.062836;2.000000;0.145823;-0.237729;2.626898;0.646146;0.722154;-0.196865;2.000000;0.012930;-0.244776;2.632344;-0.685343;0.695694;-0.183520;2.000000;0.299232;-0.036619;2.672725;0.821097;0.205306;0.527181;2.000000;0.310374;-0.235120;2.653535;0.962426;0.039736;-0.265782;1.000000;0.309812;-0.256236;2.654927;0.964205;-0.021477;-0.262772;2.000000;0.302421;-0.328683;2.663260;0.000000;0.000000;0.000000;2.000000;0.299980;-0.257827;2.624750;0.000000;0.000000;0.000000;2.000000;-0.123228;-0.023544;2.644152;0.936620;-0.153280;-0.310587;2.000000;-0.096447;-0.245159;2.625175;0.379903;-0.016437;0.922105;2.000000;-0.092416;-0.288889;2.612906;0.380963;-0.108268;0.913452;2.000000;-0.083547;-0.356900;2.619809;0.000000;0.000000;0.000000;2.000000;-0.061424;-0.279782;2.624143;0.000000;0.000000;0.000000;2.000000;0.173481;-0.556496;2.486045;0.694416;-0.116309;0.688255;2.000000;0.192257;-0.846800;2.367845;0.695267;-0.113749;0.691998;2.000000;0.195675;-0.888586;2.253453;0.000000;0.000000;0.000000;2.000000;0.050129;-0.534851;2.805414;-0.657758;0.154301;0.702963;2.000000;0.104311;-0.821437;2.947719;-0.595674;0.125553;0.765974;2.000000;0.093246;-0.881918;2.893912;0.000000;0.000000;0.00000
1665142113.42952;2022-10-07_12:28:33.429520;2.000000;0.084798;0.411264;2.482221;0.000000;0.000000;0.000000;2.000000;0.093772;0.275669;2.521713;0.006097;0.994578;-0.102795;2.000000;0.093175;0.211780;2.535071;0.006637;0.996632;-0.080466;2.000000;0.091016;0.016739;2.566804;0.006673;0.997896;-0.064160;2.000000;0.087680;-0.248197;2.601037;0.006181;0.997917;-0.064209;2.000000;0.242710;0.194135;2.516561;0.740294;0.664666;-0.100603;2.000000;-0.057269;0.185646;2.526875;0.761431;-0.643225;0.075335;2.000000;0.151925;-0.242606;2.567828;0.650105;0.721624;-0.197042;2.000000;0.021243;-0.247378;2.568242;-0.673856;0.700911;-0.200985;2.000000;0.304916;-0.042311;2.601237;0.787607;0.198149;0.580167;2.000000;0.330635;-0.239517;2.594937;0.985844;0.066443;-0.153831;2.000000;0.324558;-0.288766;2.582098;0.974290;-0.036350;-0.176563;2.000000;0.315951;-0.327429;2.596311;0.000000;0.000000;0.000000;2.000000;0.312968;-0.283665;2.546917;0.000000;0.000000;0.000000;2.000000;-0.111395;-0.025885;2.578471;0.965517;-0.143323;-0.197962;2.000000;-0.092855;-0.250953;2.599068;0.617154;0.061084;0.784458;2.000000;-0.084566;-0.306935;2.590825;0.620924;-0.011128;0.777108;2.000000;-0.078618;-0.370560;2.601744;0.000000;0.000000;0.000000;2.000000;-0.051926;-0.298654;2.574067;0.000000;0.000000;0.000000;2.000000;0.181418;-0.557302;2.421881;0.680636;-0.123639;0.699069;2.000000;0.192769;-0.849685;2.353950;0.703821;-0.066849;0.700939;2.000000;0.194847;-0.902375;2.247453;0.000000;0.000000;0.000000;2.000000;0.048883;-0.533657;2.721847;-0.676802;0.143414;0.693497;2.000000;0.099255;-0.823712;2.929265;-0.603103;0.187481;0.734152;2.000000;0.092429;-0.887543;2.888200;0.000000;0.000000;0.00000
1665142113.492606;2022-10-07_12:28:33.492606;2.000000;0.093410;0.426104;2.415163;0.000000;0.000000;0.000000;2.000000;0.099510;0.285693;2.448769;-0.007344;0.994532;-0.103899;2.000000;0.100364;0.221667;2.462301;-0.007137;0.996693;-0.080613;2.000000;0.102947;0.026148;2.494158;-0.007483;0.998020;-0.062368;2.000000;0.106843;-0.239451;2.527497;-0.007226;0.998025;-0.062398;2.000000;0.248012;0.199093;2.455513;0.755022;0.650685;-0.073703;2.000000;-0.046722;0.194144;2.451509;0.764601;-0.638536;0.084322;2.000000;0.171370;-0.234987;2.494269;0.654983;0.716962;-0.200760;2.000000;0.039487;-0.237726;2.494770;-0.671766;0.704571;-0.192913;2.000000;0.316589;-0.029502;2.528556;0.826138;0.198646;0.524825;2.000000;0.340818;-0.227034;2.521651;0.973602;0.055652;0.219274;2.000000;0.337918;-0.278791;2.497519;0.958634;-0.066126;0.183308;2.000000;0.336026;-0.329971;2.508885;0.000000;0.000000;0.000000;2.000000;0.344193;-0.269845;2.464273;0.000000;0.000000;0.000000;2.000000;-0.104570;-0.016191;2.516691;0.952130;-0.160765;-0.235302;2.000000;-0.088515;-0.244567;2.543358;0.829785;0.061227;0.553964;2.000000;-0.083372;-0.301210;2.544055;0.832446;0.041105;0.552221;2.000000;-0.073300;-0.359465;2.563971;0.000000;0.000000;0.000000;2.000000;-0.056593;-0.292570;2.506167;0.000000;0.000000;0.000000;2.000000;0.184998;-0.546789;2.382426;0.696674;-0.106301;0.696338;2.000000;0.191084;-0.849982;2.343236;0.698789;-0.038860;0.712370;2.000000;0.194162;-0.909399;2.243032;0.000000;0.000000;0.000000;2.000000;0.046661;-0.517243;2.577278;-0.693639;0.093276;0.705879;2.000000;0.081500;-0.799156;2.843686;-0.665503;0.222346;0.647344;2.000000;0.083665;-0.833973;2.738043;0.000000;0.000000;0.00000
1665142113.554333;2022-10-07_12:28:33.554333;2.000000;0.097221;0.433069;2.357466;0.000000;0.000000;0.000000;2.000000;0.102890;0.292486;2.391575;-0.012379;0.994080;-0.107735;2.000000;0.104588;0.228902;2.405512;-0.011643;0.996330;-0.084518;2.000000;0.109396;0.034517;2.438701;-0.010491;0.997587;-0.066272;2.000000;0.115610;-0.229829;2.473871;-0.009786;0.997342;-0.066380;2.000000;0.254146;0.203629;2.399689;0.759893;0.644356;-0.076249;2.000000;-0.044031;0.202513;2.403557;0.763519;-0.640576;0.066690;2.000000;0.182105;-0.227819;2.437232;0.663205;0.703792;-0.216634;2.000000;0.046102;-0.225824;2.444579;-0.665547;0.718299;-0.174758;2.000000;0.319392;-0.016523;2.467291;0.778538;0.198046;0.594770;2.000000;0.347421;-0.212017;2.430806;0.978393;0.084991;-0.171612;2.000000;0.342989;-0.263506;2.407174;0.955728;0.004321;-0.199053;2.000000;0.339610;-0.323920;2.413370;0.000000;0.000000;0.000000;2.000000;0.316522;-0.253628;2.372889;0.000000;0.000000;0.000000;2.000000;-0.093995;-0.018230;2.472276;0.925879;-0.150868;-0.330721;2.000000;-0.074763;-0.219975;2.480136;0.923441;0.051287;0.380296;2.000000;-0.072768;-0.277101;2.475996;0.925045;0.002463;0.377733;2.000000;-0.064499;-0.342504;2.481142;0.000000;0.000000;0.000000;2.000000;-0.048550;-0.289466;2.435667;0.000000;0.000000;0.000000;2.000000;0.185561;-0.546629;2.369823;0.723673;-0.067457;0.682242;2.000000;0.191193;-0.846648;2.339576;0.708100;-0.028779;0.704263;2.000000;0.192163;-0.917308;2.252661;0.000000;0.000000;0.000000;2.000000;0.039189;-0.503313;2.438561;-0.644178;-0.000269;0.764697;2.000000;0.083178;-0.762251;2.725138;-0.649571;0.239590;0.641182;2.000000;0.083128;-0.797378;2.619577;0.000000;0.000000;0.00000
1665142113.621068;2022-10-07_12:28:33.621068;2.000000;0.099191;0.435061;2.309249;0.000000;0.000000;0.000000;2.000000;0.104040;0.298387;2.349679;-0.015468;0.994427;-0.102833;2.000000;0.106266;0.234942;2.362907;-0.014890;0.996549;-0.079720;2.000000;0.112657;0.040877;2.394049;-0.013561;0.997448;-0.061616;2.000000;0.120955;-0.223212;2.426530;-0.012610;0.996814;-0.061818;2.000000;0.256920;0.207130;2.351612;0.763693;0.639473;-0.085440;2.000000;-0.042567;0.206343;2.361964;0.768635;-0.635301;0.059585;2.000000;0.187575;-0.223501;2.387315;0.670950;0.690964;-0.227360;2.000000;0.051113;-0.216975;2.399734;-0.658317;0.729659;-0.158362;2.000000;0.323541;-0.012147;2.409816;0.783453;0.190077;0.591513;2.000000;0.346443;-0.204060;2.350710;-0.566841;-0.154208;0.808371;2.000000;0.337289;-0.237956;2.327159;-0.549817;-0.173125;0.773678;2.000000;0.342489;-0.303023;2.316489;0.000000;0.000000;0.000000;2.000000;0.301600;-0.250169;2.303867;0.000000;0.000000;0.000000;2.000000;-0.092572;-0.013639;2.431747;0.904348;-0.157989;-0.384632;2.000000;-0.069216;-0.211733;2.422167;0.892666;0.041664;0.446248;2.000000;-0.066613;-0.266608;2.401584;0.887141;-0.056709;0.425057;2.000000;-0.059867;-0.322087;2.399553;0.000000;0.000000;0.000000;2.000000;-0.046899;-0.248535;2.366800;0.000000;0.000000;0.000000;2.000000;0.180992;-0.542123;2.348685;0.740799;-0.048023;0.668938;2.000000;0.190608;-0.844953;2.337043;0.711643;-0.002197;0.702100;2.000000;0.191919;-0.918557;2.254631;0.000000;0.000000;0.000000;2.000000;0.043288;-0.496214;2.340856;-0.645595;-0.069926;0.756483;2.000000;0.087636;-0.772974;2.611028;-0.651150;0.223083;0.656857;2.000000;0.085799;-0.807416;2.505477;0.000000;0.000000;0.00000
1665142113.685819;2022-10-07_12:28:33.685819;2.000000;0.099398;0.440534;2.267162;0.000000;0.000000;0.000000;2.000000;0.107721;0.304073;2.308092;-0.011583;0.994421;-0.100788;2.000000;0.109590;0.240628;2.321033;-0.011193;0.996483;-0.077748;2.000000;0.114868;0.046456;2.351368;-0.009911;0.997095;-0.059709;2.000000;0.121602;-0.217924;2.382836;-0.008908;0.996179;-0.059867;2.000000;0.259466;0.210659;2.311876;0.768891;0.633507;-0.081667;2.000000;-0.044483;0.212445;2.329015;0.767058;-0.637116;0.038384;2.000000;0.187656;-0.219368;2.341901;0.674105;0.683569;-0.234248;2.000000;0.052195;-0.210526;2.357951;-0.653959;0.736305;-0.149722;2.000000;0.326463;-0.008474;2.357516;0.788017;0.176062;0.589889;2.000000;0.346069;-0.195770;2.281680;-0.346396;-0.195611;0.917222;2.000000;0.340188;-0.231231;2.258072;-0.313742;-0.247914;0.902139;2.000000;0.341201;-0.293932;2.241856;0.000000;0.000000;0.000000;2.000000;0.306886;-0.230697;2.278500;0.000000;0.000000;0.000000;2.000000;-0.091082;-0.008097;2.393475;0.900029;-0.148900;-0.400366;2.000000;-0.069809;-0.206479;2.380471;0.815998;0.024817;0.574669;2.000000;-0.068411;-0.263703;2.342852;0.794851;-0.151160;0.534726;2.000000;-0.061102;-0.324390;2.330723;0.000000;0.000000;0.000000;2.000000;-0.046404;-0.272809;2.310300;0.000000;0.000000;0.000000;2.000000;0.180795;-0.542250;2.332926;0.750579;-0.017150;0.660549;2.000000;0.191321;-0.839495;2.334461;0.727424;0.014645;0.685955;2.000000;0.186293;-0.872151;2.229568;0.000000;0.000000;0.000000;2.000000;0.026698;-0.480962;2.242342;-0.597817;-0.131452;0.775015;2.000000;0.092395;-0.786649;2.476634;-0.521018;0.215702;0.787233;2.000000;0.081476;-0.873382;2.467759;0.000000;0.000000;0.00000
1665142113.748445;2022-10-07_12:28:33.748445;2.000000;0.098553;0.444349;2.234502;0.000000;0.000000;0.000000;2.000000;0.107295;0.306615;2.274016;-0.009821;0.993996;-0.098121;2.000000;0.109170;0.242841;2.286642;-0.009799;0.995981;-0.075137;2.000000;0.114443;0.047589;2.316020;-0.009088;0.996529;-0.057015;2.000000;0.121124;-0.218377;2.346154;-0.008407;0.995742;-0.057120;2.000000;0.259445;0.212868;2.269985;0.766610;0.634559;-0.097661;2.000000;-0.043011;0.213391;2.298917;0.770767;-0.632589;0.024881;2.000000;0.187537;-0.219987;2.303897;0.673970;0.681565;-0.236623;2.000000;0.051335;-0.210635;2.322526;-0.653872;0.738445;-0.142135;2.000000;0.326583;-0.004348;2.311983;0.786038;0.173246;0.593211;2.000000;0.345342;-0.188634;2.227832;-0.327209;-0.215427;0.919686;2.000000;0.337547;-0.223206;2.192722;-0.268841;-0.340973;0.879902;2.000000;0.338808;-0.283874;2.179028;0.000000;0.000000;0.000000;2.000000;0.310124;-0.222765;2.208818;0.000000;0.000000;0.000000;2.000000;-0.090342;0.000328;2.354194;0.896197;-0.148808;-0.412302;2.000000;-0.070522;-0.197899;2.331092;0.747591;-0.001066;0.659784;2.000000;-0.073253;-0.261505;2.292902;0.722507;-0.190923;0.637464;2.000000;-0.066319;-0.319081;2.274054;0.000000;0.000000;0.000000;2.000000;-0.052458;-0.260723;2.266759;0.000000;0.000000;0.000000;2.000000;0.187104;-0.547666;2.317639;0.755999;0.013214;0.654237;2.000000;0.186750;-0.840550;2.336116;0.732787;0.020977;0.679729;2.000000;0.178696;-0.873167;2.231371;0.000000;0.000000;0.000000;2.000000;0.035570;-0.500621;2.207720;-0.607506;-0.131167;0.771516;2.000000;0.084645;-0.838910;2.362401;-0.670025;0.107501;0.708435;2.000000;0.087463;-0.907227;2.304688;0.000000;0.000000;0.00000
1665142113.81361;2022-10-07_12:28:33.813610;2.000000;0.097084;0.444807;2.204360;0.000000;0.000000;0.000000;2.000000;0.106790;0.306525;2.243267;-0.013274;0.995372;-0.089904;2.000000;0.108883;0.242285;2.254903;-0.013012;0.997200;-0.066511;2.000000;0.114874;0.045430;2.281095;-0.011985;0.997442;-0.047709;2.000000;0.122662;-0.223132;2.306443;-0.011035;0.996215;-0.047938;2.000000;0.257354;0.212366;2.239407;0.768597;0.633808;-0.086707;2.000000;-0.043351;0.210237;2.258311;0.775557;-0.628461;0.038584;2.000000;0.189192;-0.222814;2.263983;0.667255;0.688803;-0.229687;2.000000;0.052651;-0.217073;2.283078;-0.663778;0.730171;-0.135977;2.000000;0.323008;-0.004647;2.274495;0.781277;0.162220;0.602125;2.000000;0.340022;-0.183237;2.177189;-0.314514;-0.246838;0.915757;2.000000;0.331172;-0.228365;2.134433;-0.265824;-0.330037;0.888076;2.000000;0.325002;-0.282258;2.124995;0.000000;0.000000;0.000000;2.000000;0.307467;-0.248065;2.135100;0.000000;0.000000;0.000000;2.000000;-0.092522;-0.003732;2.317606;0.857271;-0.160698;-0.485313;2.000000;-0.073905;-0.215769;2.266373;0.774845;-0.040182;0.619572;2.000000;-0.073424;-0.263112;2.248166;0.771078;-0.109467;0.609998;2.000000;-0.063536;-0.324297;2.227762;0.000000;0.000000;0.000000;2.000000;-0.050112;-0.255318;2.217316;0.000000;0.000000;0.000000;2.000000;0.193226;-0.545168;2.305964;0.753890;0.047088;0.653777;2.000000;0.187091;-0.839691;2.333601;0.722067;0.024805;0.690163;2.000000;0.181656;-0.871798;2.228411;0.000000;0.000000;0.000000;2.000000;0.036762;-0.509944;2.163341;-0.644196;-0.128497;0.739759;2.000000;0.049646;-0.853719;2.250848;-0.677065;0.078327;0.725129;2.000000;0.045990;-0.918945;2.181641;0.000000;0.000000;0.00000
1665142113.876536;2022-10-07_12:28:33.876536;2.000000;0.092332;0.446503;2.178384;0.000000;0.000000;0.000000;2.000000;0.101940;0.305308;2.213304;-0.014690;0.995539;-0.089701;2.000000;0.104159;0.240724;2.224984;-0.014224;0.997326;-0.066933;2.000000;0.110510;0.042888;2.251500;-0.013002;0.997754;-0.048999;2.000000;0.118705;-0.226766;2.277694;-0.012130;0.996820;-0.049222;2.000000;0.254660;0.211654;2.212563;0.766948;0.636639;-0.079408;2.000000;-0.047370;0.207985;2.228182;0.777143;-0.626375;0.040202;2.000000;0.184748;-0.225182;2.236571;0.662624;0.695587;-0.225282;2.000000;0.049289;-0.221834;2.252890;-0.667670;0.724141;-0.144351;2.000000;0.318476;-0.006570;2.245393;0.794866;0.156173;0.585802;2.000000;0.329779;-0.186679;2.150217;-0.329716;-0.235794;0.912514;2.000000;0.321571;-0.219621;2.109951;-0.267411;-0.379301;0.860944;2.000000;0.316765;-0.277631;2.089917;0.000000;0.000000;0.000000;2.000000;0.298956;-0.244940;2.106769;0.000000;0.000000;0.000000;2.000000;-0.095508;-0.005449;2.277578;0.889959;-0.146241;-0.428656;2.000000;-0.076216;-0.217337;2.243297;0.815446;-0.009033;0.571532;2.000000;-0.073879;-0.264018;2.215095;0.797797;-0.131845;0.539527;2.000000;-0.068439;-0.321814;2.198904;0.000000;0.000000;0.000000;2.000000;-0.049265;-0.257075;2.181250;0.000000;0.000000;0.000000;2.000000;0.193793;-0.547044;2.294527;0.745645;0.069348;0.660236;2.000000;0.187474;-0.839115;2.331460;0.703220;0.037013;0.708108;2.000000;0.186363;-0.915924;2.274210;0.000000;0.000000;0.000000;2.000000;0.040082;-0.538106;2.136718;-0.656123;-0.121259;0.733940;2.000000;0.029765;-0.867453;2.178053;0.709634;-0.054915;-0.701632;2.000000;0.028758;-0.938847;2.093881;0.000000;0.000000;0.00000
1665142113.945277;2022-10-07_12:28:33.945277;2.000000;0.085285;0.443291;2.148888;0.000000;0.000000;0.000000;2.000000;0.094024;0.301856;2.183758;-0.017437;0.996254;-0.084339;2.000000;0.096401;0.236924;2.194816;-0.016701;0.997975;-0.060824;2.000000;0.103288;0.037909;2.219116;-0.015684;0.998780;-0.041514;2.000000;0.112319;-0.233616;2.241536;-0.015139;0.998410;-0.041716;2.000000;0.246902;0.207130;2.184534;0.769610;0.634796;-0.067684;2.000000;-0.055041;0.202253;2.189399;0.780030;-0.622898;0.055412;2.000000;0.178120;-0.230299;2.204058;0.659943;0.705834;-0.206387;2.000000;0.043293;-0.230129;2.213284;-0.672729;0.713984;-0.155195;2.000000;0.313409;-0.011443;2.220915;0.823527;0.165592;0.542400;2.000000;0.316608;-0.196759;2.136798;-0.293929;-0.204054;0.932117;2.000000;0.312668;-0.222177;2.099620;-0.232114;-0.435961;0.852786;2.000000;0.307216;-0.282740;2.075255;0.000000;0.000000;0.000000;2.000000;0.287522;-0.230084;2.113938;0.000000;0.000000;0.000000;2.000000;-0.100753;-0.011773;2.238870;0.895389;-0.140598;-0.418588;2.000000;-0.081988;-0.214349;2.211820;0.829186;0.001462;0.553151;2.000000;-0.080240;-0.263325;2.181711;0.810708;-0.133186;0.518175;2.000000;-0.075018;-0.323082;2.164953;0.000000;0.000000;0.000000;2.000000;-0.056284;-0.248682;2.149105;0.000000;0.000000;0.000000;2.000000;0.191739;-0.548374;2.274662;0.726111;0.089725;0.678569;2.000000;0.187790;-0.837844;2.327616;0.699013;0.059617;0.709348;2.000000;0.187799;-0.916265;2.273036;0.000000;0.000000;0.000000;2.000000;0.038182;-0.556302;2.132144;-0.674266;-0.084028;0.728369;2.000000;0.019041;-0.879355;2.133455;0.777024;-0.024273;-0.628772;2.000000;0.031494;-0.944547;2.057397;0.000000;0.000000;0.00000
1665142114.005571;2022-10-07_12:28:34.005571;2.000000;0.077595;0.442704;2.125159;0.000000;0.000000;0.000000;2.000000;0.083044;0.298650;2.156468;-0.023894;0.996357;-0.081820;2.000000;0.086152;0.233759;2.167212;-0.022908;0.997988;-0.059080;2.000000;0.095270;0.034864;2.190875;-0.021586;0.998870;-0.041064;2.000000;0.107253;-0.236463;2.213108;-0.021092;0.998674;-0.041319;2.000000;0.237522;0.204729;2.164569;0.769254;0.636374;-0.049086;2.000000;-0.063846;0.199491;2.163092;0.780048;-0.622923;0.053334;2.000000;0.172729;-0.232619;2.177310;0.658573;0.710095;-0.201398;2.000000;0.038629;-0.233299;2.183135;-0.672954;0.710660;-0.161327;2.000000;0.305439;-0.016334;2.201379;0.827931;0.166804;0.535294;2.000000;0.311922;-0.204928;2.126380;-0.352178;-0.181370;0.916703;2.000000;0.304998;-0.230055;2.102799;-0.301786;-0.307817;0.875430;2.000000;0.305602;-0.289539;2.077124;0.000000;0.000000;0.000000;2.000000;0.274891;-0.225213;2.120400;0.000000;0.000000;0.000000;2.000000;-0.109069;-0.018013;2.201601;0.880755;-0.129431;-0.454543;2.000000;-0.093264;-0.251375;2.154012;0.825624;-0.028231;0.554244;2.000000;-0.085485;-0.295468;2.144147;0.818222;0.009570;0.558009;2.000000;-0.071007;-0.355430;2.136672;0.000000;0.000000;0.000000;2.000000;-0.057605;-0.280758;2.107842;0.000000;0.000000;0.000000;2.000000;0.188793;-0.551153;2.254639;0.716253;0.099967;0.687230;2.000000;0.187425;-0.838108;2.324590;0.691004;0.084017;0.712940;2.000000;0.189273;-0.916538;2.271832;0.000000;0.000000;0.000000;2.000000;0.037470;-0.559175;2.129087;-0.685940;-0.058339;0.723011;2.000000;0.020523;-0.877423;2.131981;0.770185;-0.023387;-0.637249;2.000000;0.031236;-0.943776;2.058033;0.000000;0.000000;0.00000
1665142114.07056;2022-10-07_12:28:34.070560;2.000000;0.068354;0.443141;2.102772;0.000000;0.000000;0.000000;2.000000;0.072498;0.301110;2.137696;-0.026968;0.996964;-0.072156;2.000000;0.075919;0.236269;2.147177;-0.026077;0.998413;-0.048730;2.000000;0.086122;0.037497;2.166750;-0.025423;0.999237;-0.029608;2.000000;0.099922;-0.233739;2.182867;-0.025160;0.999210;-0.029832;2.000000;0.224328;0.207049;2.140938;0.770887;0.635091;-0.047349;2.000000;-0.073330;0.200221;2.134071;0.782804;-0.618891;0.064669;2.000000;0.165212;-0.229612;2.149066;0.660827;0.712057;-0.187849;2.000000;0.031657;-0.230825;2.150935;-0.674165;0.705989;-0.161817;2.000000;0.297493;-0.018813;2.189377;0.823363;0.184213;0.536785;2.000000;0.308737;-0.210328;2.124429;-0.556419;-0.150100;0.814359;2.000000;0.298628;-0.242272;2.109449;-0.547461;-0.093333;0.797163;2.000000;0.306674;-0.305896;2.095509;0.000000;0.000000;0.000000;2.000000;0.265933;-0.247400;2.098572;0.000000;0.000000;0.000000;2.000000;-0.118099;-0.019664;2.168599;0.903108;-0.122193;-0.410664;2.000000;-0.101532;-0.226030;2.134650;0.855072;-0.007610;0.510567;2.000000;-0.096277;-0.286774;2.113570;0.848512;-0.048684;0.500824;2.000000;-0.081387;-0.349540;2.107796;0.000000;0.000000;0.000000;2.000000;-0.067390;-0.268566;2.082550;0.000000;0.000000;0.000000;2.000000;0.181987;-0.549470;2.226952;0.705441;0.101951;0.698233;2.000000;0.186550;-0.837136;2.316271;0.684593;0.113488;0.713294;2.000000;0.190495;-0.917247;2.268739;0.000000;0.000000;0.000000;2.000000;0.033732;-0.547897;2.114997;-0.698321;-0.042585;0.713552;2.000000;0.021160;-0.867562;2.128881;0.765142;-0.028989;-0.643197;2.000000;0.031025;-0.943376;2.058881;0.000000;0.000000;0.00000
1665142114.136017;2022-10-07_12:28:34.136017;2.000000;0.060513;0.444442;2.084864;0.000000;0.000000;0.000000;2.000000;0.065023;0.302705;2.120478;-0.028022;0.997227;-0.065746;2.000000;0.068517;0.237656;2.129172;-0.027003;0.998518;-0.042695;2.000000;0.078986;0.038111;2.146493;-0.026197;0.999304;-0.024065;2.000000;0.093146;-0.234468;2.159796;-0.025992;0.999363;-0.024285;2.000000;0.215957;0.208678;2.123306;0.771175;0.635282;-0.040519;2.000000;-0.081248;0.199963;2.110614;0.784844;-0.615186;0.071991;2.000000;0.158474;-0.229884;2.127238;0.660755;0.714729;-0.179062;2.000000;0.025001;-0.231942;2.126433;-0.675523;0.701987;-0.164408;2.000000;0.290972;-0.022232;2.178935;0.822158;0.190642;0.536265;2.000000;0.306398;-0.216530;2.126198;0.767911;0.113174;-0.625654;2.000000;0.295605;-0.244913;2.116933;-0.699153;0.021193;0.676897;2.000000;0.305626;-0.302791;2.107239;0.000000;0.000000;0.000000;2.000000;0.266516;-0.252230;2.093504;0.000000;0.000000;0.000000;2.000000;-0.126211;-0.030195;2.140737;0.910601;-0.113373;-0.396900;2.000000;-0.109718;-0.227879;2.108001;0.738168;-0.024340;0.668377;2.000000;-0.101221;-0.279116;2.077094;0.659593;-0.143306;0.699161;2.000000;-0.094201;-0.341980;2.067464;0.000000;0.000000;0.000000;2.000000;-0.068153;-0.274807;2.055471;0.000000;0.000000;0.000000;2.000000;0.175945;-0.544144;2.201549;0.698640;0.101363;0.705531;2.000000;0.185752;-0.837125;2.309845;0.679575;0.138351;0.711992;2.000000;0.191250;-0.917813;2.266341;0.000000;0.000000;0.000000;2.000000;0.028122;-0.549241;2.109723;0.707476;0.022059;-0.706230;2.000000;0.020427;-0.865080;2.127932;0.763574;-0.027866;-0.644964;2.000000;0.030922;-0.943129;2.059535;0.000000;0.000000;0.00000
1665142114.262203;2022-10-07_12:28:34.262203;2.000000;0.053488;0.447566;2.062592;0.000000;0.000000;0.000000;2.000000;0.053448;0.303236;2.094709;-0.035652;0.996658;-0.061922;2.000000;0.057810;0.237978;2.103033;-0.034143;0.997884;-0.039273;2.000000;0.070908;0.037811;2.119343;-0.032911;0.998733;-0.021126;2.000000;0.088564;-0.235515;2.131484;-0.032770;0.998922;-0.021345;2.000000;0.201990;0.207968;2.099560;0.775245;0.630926;-0.029217;2.000000;-0.087779;0.196329;2.075785;0.792021;-0.602293;0.089704;2.000000;0.153095;-0.229993;2.101905;0.658261;0.721995;-0.167066;2.000000;0.021373;-0.233830;2.095277;-0.677176;0.693992;-0.174343;2.000000;0.284232;-0.024048;2.172619;0.818533;0.217068;0.530843;2.000000;0.301231;-0.219767;2.127698;0.846824;0.094831;-0.518151;2.000000;0.296033;-0.254483;2.116493;0.827547;0.023669;-0.535010;2.000000;0.305159;-0.312956;2.117465;0.000000;0.000000;0.000000;2.000000;0.263853;-0.254377;2.078095;0.000000;0.000000;0.000000;2.000000;-0.135373;-0.035344;2.100822;0.903187;-0.113628;-0.413887;2.000000;-0.115531;-0.230601;2.053602;0.572797;-0.067654;0.809654;2.000000;-0.102369;-0.288983;2.025033;0.561278;-0.121898;0.790663;2.000000;-0.094877;-0.346887;2.010365;0.000000;0.000000;0.000000;2.000000;-0.067669;-0.281728;2.016371;0.000000;0.000000;0.000000;2.000000;0.171956;-0.541025;2.178421;0.681755;0.107660;0.721037;2.000000;0.185284;-0.835440;2.301742;0.674878;0.157451;0.710856;2.000000;0.191773;-0.917013;2.265304;0.000000;0.000000;0.000000;2.000000;0.018380;-0.544017;2.101698;0.724590;-0.010626;-0.689086;2.000000;0.019606;-0.864405;2.127461;0.756408;-0.024762;-0.652867;2.000000;0.030658;-0.942510;2.060648;0.000000;0.000000;0.00000
1665142114.333461;2022-10-07_12:28:34.333461;2.000000;0.049715;0.449032;2.049040;0.000000;0.000000;0.000000;2.000000;0.045919;0.303543;2.079339;-0.042356;0.995369;-0.061210;2.000000;0.051005;0.238116;2.087741;-0.040208;0.996620;-0.038862;2.000000;0.066246;0.037422;2.104362;-0.038200;0.997749;-0.021121;2.000000;0.086624;-0.236614;2.117026;-0.038018;0.998148;-0.021446;2.000000;0.194531;0.208082;2.088323;0.775985;0.630355;-0.016041;2.000000;-0.089490;0.194154;2.052679;0.795797;-0.592138;0.109342;2.000000;0.151079;-0.230610;2.089703;0.657442;0.726727;-0.158256;2.000000;0.019523;-0.235334;2.078491;-0.677143;0.689259;-0.182231;2.000000;0.276019;-0.022218;2.168045;0.806715;0.224121;0.545267;2.000000;0.295770;-0.218029;2.125182;0.858978;0.096471;-0.498234;2.000000;0.293467;-0.257065;2.113218;0.847705;0.051701;-0.508613;2.000000;0.298711;-0.314915;2.111245;0.000000;0.000000;0.000000;2.000000;0.263964;-0.251309;2.075750;0.000000;0.000000;0.000000;2.000000;-0.139425;-0.036771;2.079449;0.901814;-0.119789;-0.415126;2.000000;-0.117098;-0.230999;2.028287;0.531930;-0.077853;0.835223;2.000000;-0.104037;-0.286883;1.999659;0.519680;-0.138053;0.815854;2.000000;-0.094938;-0.344743;1.983548;0.000000;0.000000;0.000000;2.000000;-0.069123;-0.282333;2.000538;0.000000;0.000000;0.000000;2.000000;0.170951;-0.537472;2.162767;0.669109;0.107355;0.733303;2.000000;0.186072;-0.834846;2.295417;0.661358;0.169312;0.720239;2.000000;0.195864;-0.915402;2.247900;0.000000;0.000000;0.000000;2.000000;0.014756;-0.541425;2.090691;0.736938;-0.019194;-0.675622;2.000000;0.018299;-0.861726;2.126220;0.755654;-0.031917;-0.652618;2.000000;0.030027;-0.941611;2.060619;0.000000;0.000000;0.00000
1665142114.398071;2022-10-07_12:28:34.398071;2.000000;0.047071;0.449547;2.037922;0.000000;0.000000;0.000000;2.000000;0.039370;0.304528;2.066197;-0.049638;0.993089;-0.062575;2.000000;0.045214;0.238833;2.075036;-0.046628;0.994450;-0.040218;2.000000;0.062649;0.037350;2.092891;-0.043392;0.996446;-0.022467;2.000000;0.085694;-0.237675;2.106909;-0.043032;0.997405;-0.023149;2.000000;0.189903;0.209412;2.083233;0.774251;0.632022;0.003789;2.000000;-0.089868;0.192595;2.033914;0.799396;-0.581447;0.128707;2.000000;0.149911;-0.231388;2.080961;0.656437;0.729778;-0.154562;2.000000;0.018863;-0.236610;2.066993;-0.676725;0.686522;-0.187625;2.000000;0.267656;-0.015414;2.167355;0.788157;0.228832;0.569486;2.000000;0.288927;-0.211239;2.117664;-0.516400;-0.132867;0.845758;2.000000;0.285824;-0.253536;2.106101;-0.512709;-0.095171;0.847483;2.000000;0.285326;-0.311771;2.102689;0.000000;0.000000;0.000000;2.000000;0.269273;-0.286088;2.095667;0.000000;0.000000;0.000000;2.000000;-0.142102;-0.039333;2.059798;0.910571;-0.122655;-0.394686;2.000000;-0.116065;-0.233140;2.008506;0.364573;-0.095199;0.920011;2.000000;-0.102253;-0.286640;1.978233;0.350850;-0.191033;0.895255;2.000000;-0.092717;-0.345344;1.960209;0.000000;0.000000;0.000000;2.000000;-0.071846;-0.293205;1.991526;0.000000;0.000000;0.000000;2.000000;0.171029;-0.534088;2.151910;0.661132;0.108269;0.740670;2.000000;0.186147;-0.835657;2.291753;0.649482;0.176173;0.728908;2.000000;0.197987;-0.914260;2.245153;0.000000;0.000000;0.000000;2.000000;0.013220;-0.539341;2.082551;0.744342;-0.024065;-0.667240;2.000000;0.017391;-0.858509;2.124661;0.756442;-0.037820;-0.650737;2.000000;0.029473;-0.939221;2.061293;0.000000;0.000000;0.00000
1665142114.462525;2022-10-07_12:28:34.462525;2.000000;0.044994;0.449047;2.028875;0.000000;0.000000;0.000000;2.000000;0.033797;0.304522;2.055159;-0.056903;0.990419;-0.063563;2.000000;0.040407;0.238673;2.064399;-0.053251;0.991873;-0.041414;2.000000;0.060116;0.036707;2.083485;-0.049017;0.994871;-0.024118;2.000000;0.086025;-0.238953;2.099107;-0.048483;0.996483;-0.025174;2.000000;0.183689;0.211612;2.077196;0.769517;0.636962;0.016765;2.000000;-0.088792;0.190526;2.016220;0.801476;-0.570392;0.149877;2.000000;0.149928;-0.232302;2.074554;0.654876;0.733232;-0.150962;2.000000;0.019488;-0.238182;2.057806;-0.676592;0.683401;-0.193143;2.000000;0.259640;-0.013114;2.164667;0.774773;0.230674;0.586646;2.000000;0.284850;-0.213332;2.113767;0.934792;0.098523;-0.327385;2.000000;0.281031;-0.252722;2.103294;0.927580;0.001191;-0.347419;2.000000;0.285586;-0.306257;2.098859;0.000000;0.000000;0.000000;2.000000;0.257301;-0.248806;2.066539;0.000000;0.000000;0.000000;2.000000;-0.146221;-0.042776;2.040115;0.930963;-0.129790;-0.341221;2.000000;-0.113771;-0.236584;1.993424;0.447920;-0.067408;0.882692;2.000000;-0.099055;-0.289768;1.962153;0.434830;-0.174271;0.854504;2.000000;-0.087411;-0.348273;1.949026;0.000000;0.000000;0.000000;2.000000;-0.069055;-0.273538;1.973581;0.000000;0.000000;0.000000;2.000000;0.172914;-0.531051;2.140255;0.653468;0.106001;0.748289;2.000000;0.186696;-0.836444;2.288553;0.646731;0.181336;0.728796;2.000000;0.198294;-0.913809;2.243906;0.000000;0.000000;0.000000;2.000000;0.012311;-0.539343;2.079319;0.752032;-0.032418;-0.658055;2.000000;0.017250;-0.858390;2.124414;0.755351;-0.039995;-0.651511;2.000000;0.029353;-0.939260;2.061490;0.000000;0.000000;0.00000
1665142114.527545;2022-10-07_12:28:34.527545;2.000000;0.043841;0.449120;2.019960;0.000000;0.000000;0.000000;2.000000;0.029721;0.304802;2.046314;-0.061305;0.988204;-0.065944;2.000000;0.036751;0.238822;2.056074;-0.057449;0.989753;-0.043896;2.000000;0.057796;0.036459;2.076737;-0.052751;0.993431;-0.026939;2.000000;0.085473;-0.239654;2.094492;-0.052088;0.995499;-0.028201;2.000000;0.176366;0.213159;2.071582;0.767634;0.638434;0.024423;2.000000;-0.088852;0.188916;2.002997;0.802785;-0.561816;0.165493;2.000000;0.149120;-0.232329;2.071163;0.651511;0.737997;-0.147685;2.000000;0.019271;-0.239699;2.051757;0.678692;-0.677832;0.199145;2.000000;0.253898;-0.021882;2.164804;0.762594;0.230778;0.602335;2.000000;0.280609;-0.215046;2.112224;0.859497;0.123220;-0.489360;2.000000;0.280166;-0.253564;2.110534;0.867225;0.005926;-0.497401;2.000000;0.292473;-0.301742;2.107257;0.000000;0.000000;0.000000;2.000000;0.257678;-0.250139;2.069204;0.000000;0.000000;0.000000;2.000000;-0.146160;-0.044267;2.021007;0.953049;-0.125699;-0.275480;2.000000;-0.111101;-0.239285;1.984622;0.399446;-0.048004;0.907998;2.000000;-0.094344;-0.292919;1.956011;0.388589;-0.159953;0.879938;2.000000;-0.081333;-0.353666;1.947620;0.000000;0.000000;0.000000;2.000000;-0.061839;-0.288194;1.965040;0.000000;0.000000;0.000000;2.000000;0.176143;-0.526125;2.131377;0.646390;0.105778;0.754998;2.000000;0.187493;-0.836591;2.286473;0.642872;0.183380;0.730595;2.000000;0.199124;-0.913687;2.242796;0.000000;0.000000;0.000000;2.000000;0.011689;-0.541784;2.076713;0.759188;-0.036286;-0.649446;2.000000;0.017287;-0.857913;2.124150;0.753625;-0.042083;-0.653022;2.000000;0.029135;-0.939265;2.062505;0.000000;0.000000;0.00000
1665142114.589485;2022-10-07_12:28:34.589485;2.000000;0.044531;0.450301;2.014774;0.000000;0.000000;0.000000;2.000000;0.023560;0.307689;2.035971;-0.068955;0.985603;-0.070712;2.000000;0.031461;0.241198;2.046707;-0.064406;0.987354;-0.048599;2.000000;0.054979;0.037448;2.070147;-0.058116;0.991445;-0.031032;2.000000;0.085269;-0.239955;2.091031;-0.057400;0.993737;-0.032337;2.000000;0.168723;0.212662;2.064350;0.774596;0.629267;0.031258;2.000000;-0.089381;0.188630;1.989349;0.806232;-0.549317;0.181306;2.000000;0.148667;-0.231468;2.069402;0.645614;0.745582;-0.142607;2.000000;0.019403;-0.241830;2.045850;0.683435;-0.667266;0.211309;1.000000;0.248143;-0.021621;2.161533;0.758826;0.237915;0.604090;2.000000;0.278629;-0.217905;2.114810;0.935002;0.109326;-0.326684;2.000000;0.277668;-0.254153;2.118862;0.947299;-0.030076;-0.315209;2.000000;0.276888;-0.294797;2.110540;0.000000;0.000000;0.000000;2.000000;0.255529;-0.248161;2.069793;0.000000;0.000000;0.000000;2.000000;-0.144587;-0.045798;2.001511;0.974733;-0.118000;-0.189638;2.000000;-0.109230;-0.242101;1.979135;0.530299;-0.000190;0.841307;2.000000;-0.091600;-0.297478;1.950646;0.521592;-0.115523;0.809780;2.000000;-0.076028;-0.361217;1.948478;0.000000;0.000000;0.000000;2.000000;-0.061338;-0.294413;1.954900;0.000000;0.000000;0.000000;2.000000;0.176679;-0.521665;2.123121;0.634578;0.100441;0.766002;2.000000;0.188537;-0.836780;2.283403;0.637798;0.187181;0.733911;2.000000;0.200966;-0.913219;2.241127;0.000000;0.000000;0.000000;2.000000;0.012433;-0.544708;2.073842;0.770001;-0.038176;-0.636275;2.000000;0.017495;-0.857532;2.123347;0.753458;-0.045269;-0.652758;2.000000;0.029196;-0.939221;2.062652;0.000000;0.000000;0.00000
1665142114.659393;2022-10-07_12:28:34.659393;2.000000;0.044009;0.453249;2.013140;0.000000;0.000000;0.000000;2.000000;0.019936;0.311246;2.025254;-0.076506;0.982583;-0.080326;2.000000;0.028601;0.244375;2.037640;-0.070621;0.984782;-0.056713;2.000000;0.054080;0.039407;2.065283;-0.062484;0.989192;-0.035805;2.000000;0.086306;-0.239189;2.089718;-0.061777;0.991485;-0.037012;2.000000;0.165788;0.213299;2.062247;0.778973;0.620957;0.044886;2.000000;-0.088617;0.188578;1.981780;0.813224;-0.537390;0.189922;2.000000;0.149855;-0.228326;2.070238;0.633693;0.758918;-0.133362;2.000000;0.020974;-0.242717;2.042040;0.686650;-0.657560;0.224284;1.000000;0.245215;-0.020638;2.160152;0.771107;0.237749;0.587831;2.000000;0.272683;-0.219897;2.119370;0.926456;0.098858;-0.356538;2.000000;0.276085;-0.247304;2.133886;0.922719;-0.019831;-0.296320;2.000000;0.273382;-0.289310;2.121311;0.000000;0.000000;0.000000;2.000000;0.254160;-0.235790;2.082308;0.000000;0.000000;0.000000;2.000000;-0.140435;-0.048868;1.982535;0.992444;-0.107125;-0.059629;2.000000;-0.106184;-0.245665;1.974038;0.485948;0.023331;0.869485;2.000000;-0.087320;-0.301612;1.946918;0.478054;-0.113335;0.837860;2.000000;-0.071574;-0.362548;1.941877;0.000000;0.000000;0.000000;2.000000;-0.056845;-0.277735;1.957053;0.000000;0.000000;0.000000;2.000000;0.178339;-0.515504;2.115581;0.621501;0.091452;0.777988;2.000000;0.188446;-0.838272;2.278752;0.632784;0.185406;0.738669;2.000000;0.200825;-0.913668;2.241072;0.000000;0.000000;0.000000;2.000000;0.012803;-0.546179;2.073184;0.781901;-0.042282;-0.621160;2.000000;0.017522;-0.858660;2.123010;0.753339;-0.046066;-0.652831;2.000000;0.029022;-0.939275;2.062806;0.000000;0.000000;0.00000
